nohup: ignoring input
2026-01-04 19:32:03,723	INFO worker.py:1998 -- Started a local Ray instance. View the dashboard at [1m[32mhttp://172.21.2.27:8265 [39m[22m
/root/miniconda3/lib/python3.13/site-packages/ray/_private/worker.py:2046: FutureWarning: Tip: In future versions of Ray, Ray will no longer override accelerator visible devices env var if num_gpus=0 or num_gpus=None (default). To enable this behavior and turn off this error message, set RAY_ACCEL_ENV_VAR_OVERRIDE_ON_ZERO=0
  warnings.warn(
[36m(TrainController pid=3857093)[0m Attempting to start training worker group of size 8 with the following resources: [{'CPU': 4, 'GPU': 1}] * 8
[36m(RayTrainWorker pid=3857886)[0m Setting up process group for: env:// [rank=0, world_size=8]
[36m(TrainController pid=3857093)[0m Started training worker group of size 8: 
[36m(TrainController pid=3857093)[0m - (ip=172.21.2.27, pid=3857886) world_rank=0, local_rank=0, node_rank=0
[36m(TrainController pid=3857093)[0m - (ip=172.21.2.27, pid=3857887) world_rank=1, local_rank=1, node_rank=0
[36m(TrainController pid=3857093)[0m - (ip=172.21.2.27, pid=3857892) world_rank=2, local_rank=2, node_rank=0
[36m(TrainController pid=3857093)[0m - (ip=172.21.2.27, pid=3857894) world_rank=3, local_rank=3, node_rank=0
[36m(TrainController pid=3857093)[0m - (ip=172.21.2.27, pid=3857891) world_rank=4, local_rank=4, node_rank=0
[36m(TrainController pid=3857093)[0m - (ip=172.21.2.27, pid=3857889) world_rank=5, local_rank=5, node_rank=0
[36m(TrainController pid=3857093)[0m - (ip=172.21.2.27, pid=3857893) world_rank=6, local_rank=6, node_rank=0
[36m(TrainController pid=3857093)[0m - (ip=172.21.2.27, pid=3857888) world_rank=7, local_rank=7, node_rank=0
[36m(RayTrainWorker pid=3857886)[0m Moving model to device: cuda:0
[36m(RayTrainWorker pid=3857886)[0m Wrapping provided model in DistributedDataParallel.
[36m(RayTrainWorker pid=3857886)[0m 从头开始训练
[36m(RayTrainWorker pid=3857892)[0m Reporting training result 1: TrainingReport(checkpoint=None, metrics={'loss': 0.8182068157196045, 'epoch': 0, 'iter': 25}, validation_spec=None)
[36m(RayTrainWorker pid=3857886)[0m Checkpoint successfully created at: Checkpoint(filesystem=local, path=/home/user/demo/review/ray_results/dit_training/checkpoint_2026-01-04_19-32-39.425068)
[36m(RayTrainWorker pid=3857886)[0m Reporting training result 1: TrainingReport(checkpoint=Checkpoint(filesystem=local, path=/home/user/demo/review/ray_results/dit_training/checkpoint_2026-01-04_19-32-39.425068), metrics={'loss': 0.8179428696632385, 'epoch': 0, 'iter': 25}, validation_spec=None)
[36m(RayTrainWorker pid=3857886)[0m ✓ 新的最佳模型! Loss: 0.817943 (Epoch 0)
[36m(RayTrainWorker pid=3857892)[0m Reporting training result 2: TrainingReport(checkpoint=None, metrics={'loss': 0.7923929715156555, 'epoch': 1, 'iter': 50}, validation_spec=None)[32m [repeated 7x across cluster] (Ray deduplicates logs by default. Set RAY_DEDUP_LOGS=0 to disable log deduplication, or see https://docs.ray.io/en/master/ray-observability/user-guides/configure-logging.html#log-deduplication for more options.)[0m
[36m(RayTrainWorker pid=3857886)[0m Checkpoint successfully created at: Checkpoint(filesystem=local, path=/home/user/demo/review/ray_results/dit_training/checkpoint_2026-01-04_19-33-01.714393)
[36m(RayTrainWorker pid=3857886)[0m Reporting training result 2: TrainingReport(checkpoint=Checkpoint(filesystem=local, path=/home/user/demo/review/ray_results/dit_training/checkpoint_2026-01-04_19-33-01.714393), metrics={'loss': 0.7925878977775573, 'epoch': 1, 'iter': 50}, validation_spec=None)
[36m(RayTrainWorker pid=3857886)[0m ✓ 新的最佳模型! Loss: 0.792588 (Epoch 1)
[36m(RayTrainWorker pid=3857892)[0m Reporting training result 3: TrainingReport(checkpoint=None, metrics={'loss': 0.7562961316108704, 'epoch': 2, 'iter': 75}, validation_spec=None)[32m [repeated 7x across cluster][0m
[36m(RayTrainWorker pid=3857886)[0m Checkpoint successfully created at: Checkpoint(filesystem=local, path=/home/user/demo/review/ray_results/dit_training/checkpoint_2026-01-04_19-33-23.981496)
[36m(RayTrainWorker pid=3857886)[0m Reporting training result 3: TrainingReport(checkpoint=Checkpoint(filesystem=local, path=/home/user/demo/review/ray_results/dit_training/checkpoint_2026-01-04_19-33-23.981496), metrics={'loss': 0.7552223968505859, 'epoch': 2, 'iter': 75}, validation_spec=None)
[36m(RayTrainWorker pid=3857886)[0m ✓ 新的最佳模型! Loss: 0.755222 (Epoch 2)
[36m(RayTrainWorker pid=3857886)[0m Epoch: 3, Iter: 100, Loss: 0.526078, Avg: 0.598824
[36m(RayTrainWorker pid=3857888)[0m Reporting training result 3: TrainingReport(checkpoint=None, metrics={'loss': 0.7552591562271118, 'epoch': 2, 'iter': 75}, validation_spec=None)[32m [repeated 6x across cluster][0m
[36m(RayTrainWorker pid=3857886)[0m Checkpoint successfully created at: Checkpoint(filesystem=local, path=/home/user/demo/review/ray_results/dit_training/checkpoint_2026-01-04_19-33-46.051012)
[36m(RayTrainWorker pid=3857886)[0m Reporting training result 4: TrainingReport(checkpoint=Checkpoint(filesystem=local, path=/home/user/demo/review/ray_results/dit_training/checkpoint_2026-01-04_19-33-46.051012), metrics={'loss': 0.5988242316246033, 'epoch': 3, 'iter': 100}, validation_spec=None)
[36m(RayTrainWorker pid=3857886)[0m ✓ 新的最佳模型! Loss: 0.598824 (Epoch 3)
[36m(RayTrainWorker pid=3857892)[0m Reporting training result 5: TrainingReport(checkpoint=None, metrics={'loss': 0.4630043995380402, 'epoch': 4, 'iter': 125}, validation_spec=None)[32m [repeated 8x across cluster][0m
[36m(RayTrainWorker pid=3857886)[0m Checkpoint successfully created at: Checkpoint(filesystem=local, path=/home/user/demo/review/ray_results/dit_training/checkpoint_2026-01-04_19-34-08.147684)
[36m(RayTrainWorker pid=3857886)[0m Reporting training result 5: TrainingReport(checkpoint=Checkpoint(filesystem=local, path=/home/user/demo/review/ray_results/dit_training/checkpoint_2026-01-04_19-34-08.147684), metrics={'loss': 0.465597060918808, 'epoch': 4, 'iter': 125}, validation_spec=None)
[36m(RayTrainWorker pid=3857886)[0m ✓ 新的最佳模型! Loss: 0.465597 (Epoch 4)
[36m(RayTrainWorker pid=3857892)[0m Reporting training result 6: TrainingReport(checkpoint=None, metrics={'loss': 0.31700568437576293, 'epoch': 5, 'iter': 150}, validation_spec=None)[32m [repeated 7x across cluster][0m
[36m(RayTrainWorker pid=3857886)[0m Checkpoint successfully created at: Checkpoint(filesystem=local, path=/home/user/demo/review/ray_results/dit_training/checkpoint_2026-01-04_19-34-30.265334)
[36m(RayTrainWorker pid=3857886)[0m Reporting training result 6: TrainingReport(checkpoint=Checkpoint(filesystem=local, path=/home/user/demo/review/ray_results/dit_training/checkpoint_2026-01-04_19-34-30.265334), metrics={'loss': 0.315556960105896, 'epoch': 5, 'iter': 150}, validation_spec=None)
[36m(RayTrainWorker pid=3857886)[0m ✓ 新的最佳模型! Loss: 0.315557 (Epoch 5)
[36m(RayTrainWorker pid=3857892)[0m Reporting training result 7: TrainingReport(checkpoint=None, metrics={'loss': 0.24720475792884827, 'epoch': 6, 'iter': 175}, validation_spec=None)[32m [repeated 7x across cluster][0m
[36m(RayTrainWorker pid=3857886)[0m Checkpoint successfully created at: Checkpoint(filesystem=local, path=/home/user/demo/review/ray_results/dit_training/checkpoint_2026-01-04_19-34-52.374214)
[36m(RayTrainWorker pid=3857886)[0m Reporting training result 7: TrainingReport(checkpoint=Checkpoint(filesystem=local, path=/home/user/demo/review/ray_results/dit_training/checkpoint_2026-01-04_19-34-52.374214), metrics={'loss': 0.2462416660785675, 'epoch': 6, 'iter': 175}, validation_spec=None)
[36m(RayTrainWorker pid=3857886)[0m ✓ 新的最佳模型! Loss: 0.246242 (Epoch 6)
[36m(RayTrainWorker pid=3857886)[0m Epoch: 7, Iter: 200, Loss: 0.209396, Avg: 0.220401
[36m(RayTrainWorker pid=3857888)[0m Reporting training result 7: TrainingReport(checkpoint=None, metrics={'loss': 0.24525270223617554, 'epoch': 6, 'iter': 175}, validation_spec=None)[32m [repeated 6x across cluster][0m
[36m(RayTrainWorker pid=3857886)[0m Checkpoint successfully created at: Checkpoint(filesystem=local, path=/home/user/demo/review/ray_results/dit_training/checkpoint_2026-01-04_19-35-14.431460)
[36m(RayTrainWorker pid=3857886)[0m Reporting training result 8: TrainingReport(checkpoint=Checkpoint(filesystem=local, path=/home/user/demo/review/ray_results/dit_training/checkpoint_2026-01-04_19-35-14.431460), metrics={'loss': 0.22040124118328094, 'epoch': 7, 'iter': 200}, validation_spec=None)
[36m(RayTrainWorker pid=3857886)[0m ✓ 新的最佳模型! Loss: 0.220401 (Epoch 7)
[36m(RayTrainWorker pid=3857892)[0m Reporting training result 9: TrainingReport(checkpoint=None, metrics={'loss': 0.20698632061481476, 'epoch': 8, 'iter': 225}, validation_spec=None)[32m [repeated 8x across cluster][0m
[36m(RayTrainWorker pid=3857886)[0m Checkpoint successfully created at: Checkpoint(filesystem=local, path=/home/user/demo/review/ray_results/dit_training/checkpoint_2026-01-04_19-35-36.536493)
[36m(RayTrainWorker pid=3857886)[0m Reporting training result 9: TrainingReport(checkpoint=Checkpoint(filesystem=local, path=/home/user/demo/review/ray_results/dit_training/checkpoint_2026-01-04_19-35-36.536493), metrics={'loss': 0.20838941693305968, 'epoch': 8, 'iter': 225}, validation_spec=None)
[36m(RayTrainWorker pid=3857886)[0m ✓ 新的最佳模型! Loss: 0.208389 (Epoch 8)
[36m(RayTrainWorker pid=3857892)[0m Reporting training result 10: TrainingReport(checkpoint=None, metrics={'loss': 0.18073433578014375, 'epoch': 9, 'iter': 250}, validation_spec=None)[32m [repeated 7x across cluster][0m
[36m(RayTrainWorker pid=3857886)[0m Checkpoint successfully created at: Checkpoint(filesystem=local, path=/home/user/demo/review/ray_results/dit_training/checkpoint_2026-01-04_19-35-58.658916)
[36m(RayTrainWorker pid=3857886)[0m Reporting training result 10: TrainingReport(checkpoint=Checkpoint(filesystem=local, path=/home/user/demo/review/ray_results/dit_training/checkpoint_2026-01-04_19-35-58.658916), metrics={'loss': 0.18140150010585784, 'epoch': 9, 'iter': 250}, validation_spec=None)
[36m(RayTrainWorker pid=3857886)[0m ✓ 新的最佳模型! Loss: 0.181402 (Epoch 9)
[36m(RayTrainWorker pid=3857892)[0m Reporting training result 11: TrainingReport(checkpoint=None, metrics={'loss': 0.15785866856575012, 'epoch': 10, 'iter': 275}, validation_spec=None)[32m [repeated 7x across cluster][0m
[36m(RayTrainWorker pid=3857886)[0m Checkpoint successfully created at: Checkpoint(filesystem=local, path=/home/user/demo/review/ray_results/dit_training/checkpoint_2026-01-04_19-36-20.730439)
[36m(RayTrainWorker pid=3857886)[0m Reporting training result 11: TrainingReport(checkpoint=Checkpoint(filesystem=local, path=/home/user/demo/review/ray_results/dit_training/checkpoint_2026-01-04_19-36-20.730439), metrics={'loss': 0.15899407207965852, 'epoch': 10, 'iter': 275}, validation_spec=None)
[36m(RayTrainWorker pid=3857886)[0m ✓ 新的最佳模型! Loss: 0.158994 (Epoch 10)
[36m(RayTrainWorker pid=3857886)[0m Epoch: 11, Iter: 300, Loss: 0.140510, Avg: 0.144899
[36m(RayTrainWorker pid=3857888)[0m Reporting training result 11: TrainingReport(checkpoint=None, metrics={'loss': 0.15853268325328826, 'epoch': 10, 'iter': 275}, validation_spec=None)[32m [repeated 6x across cluster][0m
[36m(RayTrainWorker pid=3857886)[0m Checkpoint successfully created at: Checkpoint(filesystem=local, path=/home/user/demo/review/ray_results/dit_training/checkpoint_2026-01-04_19-36-42.995275)
[36m(RayTrainWorker pid=3857886)[0m Reporting training result 12: TrainingReport(checkpoint=Checkpoint(filesystem=local, path=/home/user/demo/review/ray_results/dit_training/checkpoint_2026-01-04_19-36-42.995275), metrics={'loss': 0.14489905655384064, 'epoch': 11, 'iter': 300}, validation_spec=None)
[36m(RayTrainWorker pid=3857886)[0m ✓ 新的最佳模型! Loss: 0.144899 (Epoch 11)
[36m(RayTrainWorker pid=3857892)[0m Reporting training result 13: TrainingReport(checkpoint=None, metrics={'loss': 0.13678978323936464, 'epoch': 12, 'iter': 325}, validation_spec=None)[32m [repeated 8x across cluster][0m
[36m(RayTrainWorker pid=3857886)[0m Checkpoint successfully created at: Checkpoint(filesystem=local, path=/home/user/demo/review/ray_results/dit_training/checkpoint_2026-01-04_19-37-05.165637)
[36m(RayTrainWorker pid=3857886)[0m Reporting training result 13: TrainingReport(checkpoint=Checkpoint(filesystem=local, path=/home/user/demo/review/ray_results/dit_training/checkpoint_2026-01-04_19-37-05.165637), metrics={'loss': 0.13827270090579988, 'epoch': 12, 'iter': 325}, validation_spec=None)
[36m(RayTrainWorker pid=3857886)[0m ✓ 新的最佳模型! Loss: 0.138273 (Epoch 12)
[36m(RayTrainWorker pid=3857892)[0m Reporting training result 14: TrainingReport(checkpoint=None, metrics={'loss': 0.13481869131326676, 'epoch': 13, 'iter': 350}, validation_spec=None)[32m [repeated 7x across cluster][0m
[36m(RayTrainWorker pid=3857886)[0m Checkpoint successfully created at: Checkpoint(filesystem=local, path=/home/user/demo/review/ray_results/dit_training/checkpoint_2026-01-04_19-37-27.259977)
[36m(RayTrainWorker pid=3857886)[0m Reporting training result 14: TrainingReport(checkpoint=Checkpoint(filesystem=local, path=/home/user/demo/review/ray_results/dit_training/checkpoint_2026-01-04_19-37-27.259977), metrics={'loss': 0.132567840218544, 'epoch': 13, 'iter': 350}, validation_spec=None)
[36m(RayTrainWorker pid=3857886)[0m ✓ 新的最佳模型! Loss: 0.132568 (Epoch 13)
[36m(RayTrainWorker pid=3857892)[0m Reporting training result 15: TrainingReport(checkpoint=None, metrics={'loss': 0.12729787409305574, 'epoch': 14, 'iter': 375}, validation_spec=None)[32m [repeated 7x across cluster][0m
[36m(RayTrainWorker pid=3857886)[0m Checkpoint successfully created at: Checkpoint(filesystem=local, path=/home/user/demo/review/ray_results/dit_training/checkpoint_2026-01-04_19-37-49.320721)
[36m(RayTrainWorker pid=3857886)[0m Reporting training result 15: TrainingReport(checkpoint=Checkpoint(filesystem=local, path=/home/user/demo/review/ray_results/dit_training/checkpoint_2026-01-04_19-37-49.320721), metrics={'loss': 0.1300091740489006, 'epoch': 14, 'iter': 375}, validation_spec=None)
[36m(RayTrainWorker pid=3857886)[0m ✓ 新的最佳模型! Loss: 0.130009 (Epoch 14)
[36m(RayTrainWorker pid=3857886)[0m Epoch: 15, Iter: 400, Loss: 0.122150, Avg: 0.124437
[36m(RayTrainWorker pid=3857888)[0m Reporting training result 15: TrainingReport(checkpoint=None, metrics={'loss': 0.12923263490200043, 'epoch': 14, 'iter': 375}, validation_spec=None)[32m [repeated 6x across cluster][0m
[36m(RayTrainWorker pid=3857886)[0m Checkpoint successfully created at: Checkpoint(filesystem=local, path=/home/user/demo/review/ray_results/dit_training/checkpoint_2026-01-04_19-38-11.484227)
[36m(RayTrainWorker pid=3857886)[0m Reporting training result 16: TrainingReport(checkpoint=Checkpoint(filesystem=local, path=/home/user/demo/review/ray_results/dit_training/checkpoint_2026-01-04_19-38-11.484227), metrics={'loss': 0.12443654537200928, 'epoch': 15, 'iter': 400}, validation_spec=None)
[36m(RayTrainWorker pid=3857886)[0m ✓ 新的最佳模型! Loss: 0.124437 (Epoch 15)
[36m(RayTrainWorker pid=3857892)[0m Reporting training result 17: TrainingReport(checkpoint=None, metrics={'loss': 0.12219945192337037, 'epoch': 16, 'iter': 425}, validation_spec=None)[32m [repeated 8x across cluster][0m
[36m(RayTrainWorker pid=3857886)[0m Checkpoint successfully created at: Checkpoint(filesystem=local, path=/home/user/demo/review/ray_results/dit_training/checkpoint_2026-01-04_19-38-34.032187)
[36m(RayTrainWorker pid=3857886)[0m Reporting training result 17: TrainingReport(checkpoint=Checkpoint(filesystem=local, path=/home/user/demo/review/ray_results/dit_training/checkpoint_2026-01-04_19-38-34.032187), metrics={'loss': 0.12276204496622085, 'epoch': 16, 'iter': 425}, validation_spec=None)
[36m(RayTrainWorker pid=3857886)[0m ✓ 新的最佳模型! Loss: 0.122762 (Epoch 16)
[36m(RayTrainWorker pid=3857892)[0m Reporting training result 18: TrainingReport(checkpoint=None, metrics={'loss': 0.1169288069009781, 'epoch': 17, 'iter': 450}, validation_spec=None)[32m [repeated 7x across cluster][0m
[36m(RayTrainWorker pid=3857886)[0m Checkpoint successfully created at: Checkpoint(filesystem=local, path=/home/user/demo/review/ray_results/dit_training/checkpoint_2026-01-04_19-38-56.376164)
[36m(RayTrainWorker pid=3857886)[0m Reporting training result 18: TrainingReport(checkpoint=Checkpoint(filesystem=local, path=/home/user/demo/review/ray_results/dit_training/checkpoint_2026-01-04_19-38-56.376164), metrics={'loss': 0.11751283824443817, 'epoch': 17, 'iter': 450}, validation_spec=None)
[36m(RayTrainWorker pid=3857886)[0m ✓ 新的最佳模型! Loss: 0.117513 (Epoch 17)
[36m(RayTrainWorker pid=3857892)[0m Reporting training result 19: TrainingReport(checkpoint=None, metrics={'loss': 0.11698304414749146, 'epoch': 18, 'iter': 475}, validation_spec=None)[32m [repeated 7x across cluster][0m
[36m(RayTrainWorker pid=3857886)[0m Checkpoint successfully created at: Checkpoint(filesystem=local, path=/home/user/demo/review/ray_results/dit_training/checkpoint_2026-01-04_19-39-18.749674)
[36m(RayTrainWorker pid=3857886)[0m Reporting training result 19: TrainingReport(checkpoint=Checkpoint(filesystem=local, path=/home/user/demo/review/ray_results/dit_training/checkpoint_2026-01-04_19-39-18.749674), metrics={'loss': 0.11546895384788514, 'epoch': 18, 'iter': 475}, validation_spec=None)
[36m(RayTrainWorker pid=3857886)[0m ✓ 新的最佳模型! Loss: 0.115469 (Epoch 18)
[36m(RayTrainWorker pid=3857886)[0m Epoch: 19, Iter: 500, Loss: 0.117833, Avg: 0.113896
[36m(RayTrainWorker pid=3857888)[0m Reporting training result 19: TrainingReport(checkpoint=None, metrics={'loss': 0.1163027173280716, 'epoch': 18, 'iter': 475}, validation_spec=None)[32m [repeated 6x across cluster][0m
[36m(RayTrainWorker pid=3857886)[0m Checkpoint successfully created at: Checkpoint(filesystem=local, path=/home/user/demo/review/ray_results/dit_training/checkpoint_2026-01-04_19-39-41.027639)
[36m(RayTrainWorker pid=3857886)[0m Reporting training result 20: TrainingReport(checkpoint=Checkpoint(filesystem=local, path=/home/user/demo/review/ray_results/dit_training/checkpoint_2026-01-04_19-39-41.027639), metrics={'loss': 0.11389603614807128, 'epoch': 19, 'iter': 500}, validation_spec=None)
[36m(RayTrainWorker pid=3857886)[0m ✓ 新的最佳模型! Loss: 0.113896 (Epoch 19)
[36m(RayTrainWorker pid=3857892)[0m Reporting training result 21: TrainingReport(checkpoint=None, metrics={'loss': 0.11093795329332351, 'epoch': 20, 'iter': 525}, validation_spec=None)[32m [repeated 8x across cluster][0m
[36m(RayTrainWorker pid=3857886)[0m Checkpoint successfully created at: Checkpoint(filesystem=local, path=/home/user/demo/review/ray_results/dit_training/checkpoint_2026-01-04_19-40-03.315600)
[36m(RayTrainWorker pid=3857886)[0m Reporting training result 21: TrainingReport(checkpoint=Checkpoint(filesystem=local, path=/home/user/demo/review/ray_results/dit_training/checkpoint_2026-01-04_19-40-03.315600), metrics={'loss': 0.10975785285234452, 'epoch': 20, 'iter': 525}, validation_spec=None)
[36m(RayTrainWorker pid=3857886)[0m ✓ 新的最佳模型! Loss: 0.109758 (Epoch 20)
[36m(RayTrainWorker pid=3857892)[0m Reporting training result 22: TrainingReport(checkpoint=None, metrics={'loss': 0.11115624368190766, 'epoch': 21, 'iter': 550}, validation_spec=None)[32m [repeated 7x across cluster][0m
[36m(RayTrainWorker pid=3857892)[0m Reporting training result 23: TrainingReport(checkpoint=None, metrics={'loss': 0.1083216679096222, 'epoch': 22, 'iter': 575}, validation_spec=None)[32m [repeated 8x across cluster][0m
[36m(RayTrainWorker pid=3857886)[0m Checkpoint successfully created at: Checkpoint(filesystem=local, path=/home/user/demo/review/ray_results/dit_training/checkpoint_2026-01-04_19-40-47.540008)
[36m(RayTrainWorker pid=3857886)[0m Reporting training result 23: TrainingReport(checkpoint=Checkpoint(filesystem=local, path=/home/user/demo/review/ray_results/dit_training/checkpoint_2026-01-04_19-40-47.540008), metrics={'loss': 0.10728061735630036, 'epoch': 22, 'iter': 575}, validation_spec=None)
[36m(RayTrainWorker pid=3857886)[0m ✓ 新的最佳模型! Loss: 0.107281 (Epoch 22)
[36m(RayTrainWorker pid=3857886)[0m Epoch: 23, Iter: 600, Loss: 0.109893, Avg: 0.103792
[36m(RayTrainWorker pid=3857888)[0m Reporting training result 23: TrainingReport(checkpoint=None, metrics={'loss': 0.10514775961637497, 'epoch': 22, 'iter': 575}, validation_spec=None)[32m [repeated 6x across cluster][0m
[36m(RayTrainWorker pid=3857886)[0m Checkpoint successfully created at: Checkpoint(filesystem=local, path=/home/user/demo/review/ray_results/dit_training/checkpoint_2026-01-04_19-41-09.891038)
[36m(RayTrainWorker pid=3857886)[0m Reporting training result 24: TrainingReport(checkpoint=Checkpoint(filesystem=local, path=/home/user/demo/review/ray_results/dit_training/checkpoint_2026-01-04_19-41-09.891038), metrics={'loss': 0.10379178047180176, 'epoch': 23, 'iter': 600}, validation_spec=None)
[36m(RayTrainWorker pid=3857886)[0m ✓ 新的最佳模型! Loss: 0.103792 (Epoch 23)
[36m(RayTrainWorker pid=3857892)[0m Reporting training result 25: TrainingReport(checkpoint=None, metrics={'loss': 0.10514044106006622, 'epoch': 24, 'iter': 625}, validation_spec=None)[32m [repeated 8x across cluster][0m
[36m(RayTrainWorker pid=3857892)[0m Reporting training result 26: TrainingReport(checkpoint=None, metrics={'loss': 0.10286844074726105, 'epoch': 25, 'iter': 650}, validation_spec=None)[32m [repeated 8x across cluster][0m
[36m(RayTrainWorker pid=3857886)[0m Checkpoint successfully created at: Checkpoint(filesystem=local, path=/home/user/demo/review/ray_results/dit_training/checkpoint_2026-01-04_19-41-54.146025)
[36m(RayTrainWorker pid=3857886)[0m Reporting training result 26: TrainingReport(checkpoint=Checkpoint(filesystem=local, path=/home/user/demo/review/ray_results/dit_training/checkpoint_2026-01-04_19-41-54.146025), metrics={'loss': 0.10064795970916748, 'epoch': 25, 'iter': 650}, validation_spec=None)
[36m(RayTrainWorker pid=3857886)[0m ✓ 新的最佳模型! Loss: 0.100648 (Epoch 25)
[36m(RayTrainWorker pid=3857892)[0m Reporting training result 27: TrainingReport(checkpoint=None, metrics={'loss': 0.10000761866569519, 'epoch': 26, 'iter': 675}, validation_spec=None)[32m [repeated 7x across cluster][0m
[36m(RayTrainWorker pid=3857886)[0m Epoch: 27, Iter: 700, Loss: 0.102676, Avg: 0.099689
[36m(RayTrainWorker pid=3857888)[0m Reporting training result 27: TrainingReport(checkpoint=None, metrics={'loss': 0.10155738353729248, 'epoch': 26, 'iter': 675}, validation_spec=None)[32m [repeated 7x across cluster][0m
[36m(RayTrainWorker pid=3857886)[0m Checkpoint successfully created at: Checkpoint(filesystem=local, path=/home/user/demo/review/ray_results/dit_training/checkpoint_2026-01-04_19-42-38.324943)
[36m(RayTrainWorker pid=3857886)[0m Reporting training result 28: TrainingReport(checkpoint=Checkpoint(filesystem=local, path=/home/user/demo/review/ray_results/dit_training/checkpoint_2026-01-04_19-42-38.324943), metrics={'loss': 0.09968886464834213, 'epoch': 27, 'iter': 700}, validation_spec=None)
[36m(RayTrainWorker pid=3857886)[0m ✓ 新的最佳模型! Loss: 0.099689 (Epoch 27)
[36m(RayTrainWorker pid=3857892)[0m Reporting training result 29: TrainingReport(checkpoint=None, metrics={'loss': 0.09893540233373642, 'epoch': 28, 'iter': 725}, validation_spec=None)[32m [repeated 8x across cluster][0m
[36m(RayTrainWorker pid=3857886)[0m Checkpoint successfully created at: Checkpoint(filesystem=local, path=/home/user/demo/review/ray_results/dit_training/checkpoint_2026-01-04_19-43-00.751402)
[36m(RayTrainWorker pid=3857886)[0m Reporting training result 29: TrainingReport(checkpoint=Checkpoint(filesystem=local, path=/home/user/demo/review/ray_results/dit_training/checkpoint_2026-01-04_19-43-00.751402), metrics={'loss': 0.09854459702968597, 'epoch': 28, 'iter': 725}, validation_spec=None)
[36m(RayTrainWorker pid=3857886)[0m ✓ 新的最佳模型! Loss: 0.098545 (Epoch 28)
[36m(RayTrainWorker pid=3857892)[0m Reporting training result 30: TrainingReport(checkpoint=None, metrics={'loss': 0.09779435694217682, 'epoch': 29, 'iter': 750}, validation_spec=None)[32m [repeated 7x across cluster][0m
[36m(RayTrainWorker pid=3857886)[0m Checkpoint successfully created at: Checkpoint(filesystem=local, path=/home/user/demo/review/ray_results/dit_training/checkpoint_2026-01-04_19-43-23.150623)
[36m(RayTrainWorker pid=3857886)[0m Reporting training result 30: TrainingReport(checkpoint=Checkpoint(filesystem=local, path=/home/user/demo/review/ray_results/dit_training/checkpoint_2026-01-04_19-43-23.150623), metrics={'loss': 0.09586450725793838, 'epoch': 29, 'iter': 750}, validation_spec=None)
[36m(RayTrainWorker pid=3857886)[0m ✓ 新的最佳模型! Loss: 0.095865 (Epoch 29)
[36m(RayTrainWorker pid=3857892)[0m Reporting training result 31: TrainingReport(checkpoint=None, metrics={'loss': 0.09586781769990921, 'epoch': 30, 'iter': 775}, validation_spec=None)[32m [repeated 7x across cluster][0m
[36m(RayTrainWorker pid=3857886)[0m Checkpoint successfully created at: Checkpoint(filesystem=local, path=/home/user/demo/review/ray_results/dit_training/checkpoint_2026-01-04_19-43-45.536402)
[36m(RayTrainWorker pid=3857886)[0m Reporting training result 31: TrainingReport(checkpoint=Checkpoint(filesystem=local, path=/home/user/demo/review/ray_results/dit_training/checkpoint_2026-01-04_19-43-45.536402), metrics={'loss': 0.09511033028364181, 'epoch': 30, 'iter': 775}, validation_spec=None)
[36m(RayTrainWorker pid=3857886)[0m ✓ 新的最佳模型! Loss: 0.095110 (Epoch 30)
[36m(RayTrainWorker pid=3857886)[0m Epoch: 31, Iter: 800, Loss: 0.095628, Avg: 0.093727
[36m(RayTrainWorker pid=3857888)[0m Reporting training result 31: TrainingReport(checkpoint=None, metrics={'loss': 0.09336944788694382, 'epoch': 30, 'iter': 775}, validation_spec=None)[32m [repeated 6x across cluster][0m
[36m(RayTrainWorker pid=3857886)[0m Checkpoint successfully created at: Checkpoint(filesystem=local, path=/home/user/demo/review/ray_results/dit_training/checkpoint_2026-01-04_19-44-07.916454)
[36m(RayTrainWorker pid=3857886)[0m Reporting training result 32: TrainingReport(checkpoint=Checkpoint(filesystem=local, path=/home/user/demo/review/ray_results/dit_training/checkpoint_2026-01-04_19-44-07.916454), metrics={'loss': 0.09372721314430237, 'epoch': 31, 'iter': 800}, validation_spec=None)
[36m(RayTrainWorker pid=3857886)[0m ✓ 新的最佳模型! Loss: 0.093727 (Epoch 31)
[36m(RayTrainWorker pid=3857892)[0m Reporting training result 33: TrainingReport(checkpoint=None, metrics={'loss': 0.09376028418540955, 'epoch': 32, 'iter': 825}, validation_spec=None)[32m [repeated 8x across cluster][0m
[36m(RayTrainWorker pid=3857892)[0m Reporting training result 34: TrainingReport(checkpoint=None, metrics={'loss': 0.09259569317102433, 'epoch': 33, 'iter': 850}, validation_spec=None)[32m [repeated 8x across cluster][0m
[36m(RayTrainWorker pid=3857886)[0m Checkpoint successfully created at: Checkpoint(filesystem=local, path=/home/user/demo/review/ray_results/dit_training/checkpoint_2026-01-04_19-44-52.197899)
[36m(RayTrainWorker pid=3857886)[0m Reporting training result 34: TrainingReport(checkpoint=Checkpoint(filesystem=local, path=/home/user/demo/review/ray_results/dit_training/checkpoint_2026-01-04_19-44-52.197899), metrics={'loss': 0.09324996381998062, 'epoch': 33, 'iter': 850}, validation_spec=None)
[36m(RayTrainWorker pid=3857886)[0m ✓ 新的最佳模型! Loss: 0.093250 (Epoch 33)
[36m(RayTrainWorker pid=3857892)[0m Reporting training result 35: TrainingReport(checkpoint=None, metrics={'loss': 0.09235821634531022, 'epoch': 34, 'iter': 875}, validation_spec=None)[32m [repeated 7x across cluster][0m
[36m(RayTrainWorker pid=3857886)[0m Checkpoint successfully created at: Checkpoint(filesystem=local, path=/home/user/demo/review/ray_results/dit_training/checkpoint_2026-01-04_19-45-14.538770)
[36m(RayTrainWorker pid=3857886)[0m Reporting training result 35: TrainingReport(checkpoint=Checkpoint(filesystem=local, path=/home/user/demo/review/ray_results/dit_training/checkpoint_2026-01-04_19-45-14.538770), metrics={'loss': 0.0908103409409523, 'epoch': 34, 'iter': 875}, validation_spec=None)
[36m(RayTrainWorker pid=3857886)[0m ✓ 新的最佳模型! Loss: 0.090810 (Epoch 34)
[36m(RayTrainWorker pid=3857886)[0m Epoch: 35, Iter: 900, Loss: 0.080986, Avg: 0.089702
[36m(RayTrainWorker pid=3857888)[0m Reporting training result 35: TrainingReport(checkpoint=None, metrics={'loss': 0.09233233511447907, 'epoch': 34, 'iter': 875}, validation_spec=None)[32m [repeated 6x across cluster][0m
[36m(RayTrainWorker pid=3857886)[0m Checkpoint successfully created at: Checkpoint(filesystem=local, path=/home/user/demo/review/ray_results/dit_training/checkpoint_2026-01-04_19-45-36.967804)
[36m(RayTrainWorker pid=3857886)[0m Reporting training result 36: TrainingReport(checkpoint=Checkpoint(filesystem=local, path=/home/user/demo/review/ray_results/dit_training/checkpoint_2026-01-04_19-45-36.967804), metrics={'loss': 0.08970181107521057, 'epoch': 35, 'iter': 900}, validation_spec=None)
[36m(RayTrainWorker pid=3857886)[0m ✓ 新的最佳模型! Loss: 0.089702 (Epoch 35)
[36m(RayTrainWorker pid=3857892)[0m Reporting training result 37: TrainingReport(checkpoint=None, metrics={'loss': 0.08871927589178086, 'epoch': 36, 'iter': 925}, validation_spec=None)[32m [repeated 8x across cluster][0m
[36m(RayTrainWorker pid=3857886)[0m Checkpoint successfully created at: Checkpoint(filesystem=local, path=/home/user/demo/review/ray_results/dit_training/checkpoint_2026-01-04_19-45-59.343470)
[36m(RayTrainWorker pid=3857886)[0m Reporting training result 37: TrainingReport(checkpoint=Checkpoint(filesystem=local, path=/home/user/demo/review/ray_results/dit_training/checkpoint_2026-01-04_19-45-59.343470), metrics={'loss': 0.08915022432804108, 'epoch': 36, 'iter': 925}, validation_spec=None)
[36m(RayTrainWorker pid=3857886)[0m ✓ 新的最佳模型! Loss: 0.089150 (Epoch 36)
[36m(RayTrainWorker pid=3857892)[0m Reporting training result 38: TrainingReport(checkpoint=None, metrics={'loss': 0.08946201235055923, 'epoch': 37, 'iter': 950}, validation_spec=None)[32m [repeated 7x across cluster][0m
[36m(RayTrainWorker pid=3857886)[0m Checkpoint successfully created at: Checkpoint(filesystem=local, path=/home/user/demo/review/ray_results/dit_training/checkpoint_2026-01-04_19-46-21.730504)
[36m(RayTrainWorker pid=3857886)[0m Reporting training result 38: TrainingReport(checkpoint=Checkpoint(filesystem=local, path=/home/user/demo/review/ray_results/dit_training/checkpoint_2026-01-04_19-46-21.730504), metrics={'loss': 0.08895142465829849, 'epoch': 37, 'iter': 950}, validation_spec=None)
[36m(RayTrainWorker pid=3857886)[0m ✓ 新的最佳模型! Loss: 0.088951 (Epoch 37)
[36m(RayTrainWorker pid=3857892)[0m Reporting training result 39: TrainingReport(checkpoint=None, metrics={'loss': 0.08815110623836517, 'epoch': 38, 'iter': 975}, validation_spec=None)[32m [repeated 7x across cluster][0m
[36m(RayTrainWorker pid=3857886)[0m Epoch: 39, Iter: 1000, Loss: 0.082857, Avg: 0.086673
[36m(RayTrainWorker pid=3857888)[0m Reporting training result 39: TrainingReport(checkpoint=None, metrics={'loss': 0.08801325231790542, 'epoch': 38, 'iter': 975}, validation_spec=None)[32m [repeated 7x across cluster][0m
[36m(RayTrainWorker pid=3857886)[0m Checkpoint successfully created at: Checkpoint(filesystem=local, path=/home/user/demo/review/ray_results/dit_training/checkpoint_2026-01-04_19-47-06.008347)
[36m(RayTrainWorker pid=3857886)[0m Reporting training result 40: TrainingReport(checkpoint=Checkpoint(filesystem=local, path=/home/user/demo/review/ray_results/dit_training/checkpoint_2026-01-04_19-47-06.008347), metrics={'loss': 0.086672605574131, 'epoch': 39, 'iter': 1000}, validation_spec=None)
[36m(RayTrainWorker pid=3857886)[0m ✓ 新的最佳模型! Loss: 0.086673 (Epoch 39)
[36m(RayTrainWorker pid=3857892)[0m Reporting training result 41: TrainingReport(checkpoint=None, metrics={'loss': 0.08760281056165695, 'epoch': 40, 'iter': 1025}, validation_spec=None)[32m [repeated 8x across cluster][0m
[36m(RayTrainWorker pid=3857886)[0m Checkpoint successfully created at: Checkpoint(filesystem=local, path=/home/user/demo/review/ray_results/dit_training/checkpoint_2026-01-04_19-47-28.411437)
[36m(RayTrainWorker pid=3857886)[0m Reporting training result 41: TrainingReport(checkpoint=Checkpoint(filesystem=local, path=/home/user/demo/review/ray_results/dit_training/checkpoint_2026-01-04_19-47-28.411437), metrics={'loss': 0.0857971316576004, 'epoch': 40, 'iter': 1025}, validation_spec=None)
[36m(RayTrainWorker pid=3857886)[0m ✓ 新的最佳模型! Loss: 0.085797 (Epoch 40)
[36m(RayTrainWorker pid=3857892)[0m Reporting training result 42: TrainingReport(checkpoint=None, metrics={'loss': 0.08485905557870865, 'epoch': 41, 'iter': 1050}, validation_spec=None)[32m [repeated 7x across cluster][0m
[36m(RayTrainWorker pid=3857886)[0m Checkpoint successfully created at: Checkpoint(filesystem=local, path=/home/user/demo/review/ray_results/dit_training/checkpoint_2026-01-04_19-47-50.542283)
[36m(RayTrainWorker pid=3857886)[0m Reporting training result 42: TrainingReport(checkpoint=Checkpoint(filesystem=local, path=/home/user/demo/review/ray_results/dit_training/checkpoint_2026-01-04_19-47-50.542283), metrics={'loss': 0.08570225059986114, 'epoch': 41, 'iter': 1050}, validation_spec=None)
[36m(RayTrainWorker pid=3857886)[0m ✓ 新的最佳模型! Loss: 0.085702 (Epoch 41)
[36m(RayTrainWorker pid=3857892)[0m Reporting training result 43: TrainingReport(checkpoint=None, metrics={'loss': 0.08489177376031876, 'epoch': 42, 'iter': 1075}, validation_spec=None)[32m [repeated 7x across cluster][0m
[36m(RayTrainWorker pid=3857886)[0m Checkpoint successfully created at: Checkpoint(filesystem=local, path=/home/user/demo/review/ray_results/dit_training/checkpoint_2026-01-04_19-48-12.815024)
[36m(RayTrainWorker pid=3857886)[0m Reporting training result 43: TrainingReport(checkpoint=Checkpoint(filesystem=local, path=/home/user/demo/review/ray_results/dit_training/checkpoint_2026-01-04_19-48-12.815024), metrics={'loss': 0.0831928539276123, 'epoch': 42, 'iter': 1075}, validation_spec=None)
[36m(RayTrainWorker pid=3857886)[0m ✓ 新的最佳模型! Loss: 0.083193 (Epoch 42)
[36m(RayTrainWorker pid=3857892)[0m Reporting training result 44: TrainingReport(checkpoint=None, metrics={'loss': 0.08314699530601502, 'epoch': 43, 'iter': 1100}, validation_spec=None)[32m [repeated 7x across cluster][0m
[36m(RayTrainWorker pid=3857886)[0m Epoch: 43, Iter: 1100, Loss: 0.081824, Avg: 0.083725
[36m(RayTrainWorker pid=3857892)[0m Reporting training result 45: TrainingReport(checkpoint=None, metrics={'loss': 0.0853833395242691, 'epoch': 44, 'iter': 1125}, validation_spec=None)[32m [repeated 8x across cluster][0m
[36m(RayTrainWorker pid=3857892)[0m Reporting training result 46: TrainingReport(checkpoint=None, metrics={'loss': 0.08379111111164093, 'epoch': 45, 'iter': 1150}, validation_spec=None)[32m [repeated 8x across cluster][0m
[36m(RayTrainWorker pid=3857886)[0m Checkpoint successfully created at: Checkpoint(filesystem=local, path=/home/user/demo/review/ray_results/dit_training/checkpoint_2026-01-04_19-49-18.123183)
[36m(RayTrainWorker pid=3857886)[0m Reporting training result 46: TrainingReport(checkpoint=Checkpoint(filesystem=local, path=/home/user/demo/review/ray_results/dit_training/checkpoint_2026-01-04_19-49-18.123183), metrics={'loss': 0.083015695810318, 'epoch': 45, 'iter': 1150}, validation_spec=None)
[36m(RayTrainWorker pid=3857886)[0m ✓ 新的最佳模型! Loss: 0.083016 (Epoch 45)
[36m(RayTrainWorker pid=3857892)[0m Reporting training result 47: TrainingReport(checkpoint=None, metrics={'loss': 0.08113514482975007, 'epoch': 46, 'iter': 1175}, validation_spec=None)[32m [repeated 7x across cluster][0m
[36m(RayTrainWorker pid=3857886)[0m Checkpoint successfully created at: Checkpoint(filesystem=local, path=/home/user/demo/review/ray_results/dit_training/checkpoint_2026-01-04_19-49-40.177978)
[36m(RayTrainWorker pid=3857886)[0m Reporting training result 47: TrainingReport(checkpoint=Checkpoint(filesystem=local, path=/home/user/demo/review/ray_results/dit_training/checkpoint_2026-01-04_19-49-40.177978), metrics={'loss': 0.0815335476398468, 'epoch': 46, 'iter': 1175}, validation_spec=None)
[36m(RayTrainWorker pid=3857886)[0m ✓ 新的最佳模型! Loss: 0.081534 (Epoch 46)
[36m(RayTrainWorker pid=3857886)[0m Epoch: 47, Iter: 1200, Loss: 0.085282, Avg: 0.081322
[36m(RayTrainWorker pid=3857888)[0m Reporting training result 47: TrainingReport(checkpoint=None, metrics={'loss': 0.08197416335344315, 'epoch': 46, 'iter': 1175}, validation_spec=None)[32m [repeated 6x across cluster][0m
[36m(RayTrainWorker pid=3857886)[0m Checkpoint successfully created at: Checkpoint(filesystem=local, path=/home/user/demo/review/ray_results/dit_training/checkpoint_2026-01-04_19-50-02.427242)
[36m(RayTrainWorker pid=3857886)[0m Reporting training result 48: TrainingReport(checkpoint=Checkpoint(filesystem=local, path=/home/user/demo/review/ray_results/dit_training/checkpoint_2026-01-04_19-50-02.427242), metrics={'loss': 0.08132244914770126, 'epoch': 47, 'iter': 1200}, validation_spec=None)
[36m(RayTrainWorker pid=3857886)[0m ✓ 新的最佳模型! Loss: 0.081322 (Epoch 47)
[36m(RayTrainWorker pid=3857892)[0m Reporting training result 49: TrainingReport(checkpoint=None, metrics={'loss': 0.0818903124332428, 'epoch': 48, 'iter': 1225}, validation_spec=None)[32m [repeated 8x across cluster][0m
[36m(RayTrainWorker pid=3857886)[0m Checkpoint successfully created at: Checkpoint(filesystem=local, path=/home/user/demo/review/ray_results/dit_training/checkpoint_2026-01-04_19-50-24.514926)
[36m(RayTrainWorker pid=3857886)[0m Reporting training result 49: TrainingReport(checkpoint=Checkpoint(filesystem=local, path=/home/user/demo/review/ray_results/dit_training/checkpoint_2026-01-04_19-50-24.514926), metrics={'loss': 0.08063279718160629, 'epoch': 48, 'iter': 1225}, validation_spec=None)
[36m(RayTrainWorker pid=3857886)[0m ✓ 新的最佳模型! Loss: 0.080633 (Epoch 48)
[36m(RayTrainWorker pid=3857892)[0m Reporting training result 50: TrainingReport(checkpoint=None, metrics={'loss': 0.08078992754220962, 'epoch': 49, 'iter': 1250}, validation_spec=None)[32m [repeated 7x across cluster][0m
[36m(RayTrainWorker pid=3857886)[0m Checkpoint successfully created at: Checkpoint(filesystem=local, path=/home/user/demo/review/ray_results/dit_training/checkpoint_2026-01-04_19-50-46.576911)
[36m(RayTrainWorker pid=3857886)[0m Reporting training result 50: TrainingReport(checkpoint=Checkpoint(filesystem=local, path=/home/user/demo/review/ray_results/dit_training/checkpoint_2026-01-04_19-50-46.576911), metrics={'loss': 0.0797702819108963, 'epoch': 49, 'iter': 1250}, validation_spec=None)
[36m(RayTrainWorker pid=3857886)[0m ✓ 新的最佳模型! Loss: 0.079770 (Epoch 49)
[36m(RayTrainWorker pid=3857892)[0m Reporting training result 51: TrainingReport(checkpoint=None, metrics={'loss': 0.07909375876188278, 'epoch': 50, 'iter': 1275}, validation_spec=None)[32m [repeated 7x across cluster][0m
[36m(RayTrainWorker pid=3857892)[0m Reporting training result 52: TrainingReport(checkpoint=None, metrics={'loss': 0.07907731831073761, 'epoch': 51, 'iter': 1300}, validation_spec=None)[32m [repeated 8x across cluster][0m
[36m(RayTrainWorker pid=3857886)[0m Epoch: 51, Iter: 1300, Loss: 0.076876, Avg: 0.080553
[36m(RayTrainWorker pid=3857892)[0m Reporting training result 53: TrainingReport(checkpoint=None, metrics={'loss': 0.0788540455698967, 'epoch': 52, 'iter': 1325}, validation_spec=None)[32m [repeated 8x across cluster][0m
[36m(RayTrainWorker pid=3857892)[0m Reporting training result 54: TrainingReport(checkpoint=None, metrics={'loss': 0.07855316162109376, 'epoch': 53, 'iter': 1350}, validation_spec=None)[32m [repeated 8x across cluster][0m
[36m(RayTrainWorker pid=3857886)[0m Checkpoint successfully created at: Checkpoint(filesystem=local, path=/home/user/demo/review/ray_results/dit_training/checkpoint_2026-01-04_19-52-14.172403)
[36m(RayTrainWorker pid=3857886)[0m Reporting training result 54: TrainingReport(checkpoint=Checkpoint(filesystem=local, path=/home/user/demo/review/ray_results/dit_training/checkpoint_2026-01-04_19-52-14.172403), metrics={'loss': 0.07816557317972184, 'epoch': 53, 'iter': 1350}, validation_spec=None)
[36m(RayTrainWorker pid=3857886)[0m ✓ 新的最佳模型! Loss: 0.078166 (Epoch 53)
[36m(RayTrainWorker pid=3857892)[0m Reporting training result 55: TrainingReport(checkpoint=None, metrics={'loss': 0.07734770894050598, 'epoch': 54, 'iter': 1375}, validation_spec=None)[32m [repeated 7x across cluster][0m
[36m(RayTrainWorker pid=3857886)[0m Checkpoint successfully created at: Checkpoint(filesystem=local, path=/home/user/demo/review/ray_results/dit_training/checkpoint_2026-01-04_19-52-36.708449)
[36m(RayTrainWorker pid=3857886)[0m Reporting training result 55: TrainingReport(checkpoint=Checkpoint(filesystem=local, path=/home/user/demo/review/ray_results/dit_training/checkpoint_2026-01-04_19-52-36.708449), metrics={'loss': 0.07740103840827942, 'epoch': 54, 'iter': 1375}, validation_spec=None)
[36m(RayTrainWorker pid=3857886)[0m ✓ 新的最佳模型! Loss: 0.077401 (Epoch 54)
[36m(RayTrainWorker pid=3857886)[0m Epoch: 55, Iter: 1400, Loss: 0.081048, Avg: 0.075787
[36m(RayTrainWorker pid=3857888)[0m Reporting training result 55: TrainingReport(checkpoint=None, metrics={'loss': 0.07722575336694718, 'epoch': 54, 'iter': 1375}, validation_spec=None)[32m [repeated 6x across cluster][0m
[36m(RayTrainWorker pid=3857886)[0m Checkpoint successfully created at: Checkpoint(filesystem=local, path=/home/user/demo/review/ray_results/dit_training/checkpoint_2026-01-04_19-52-59.061889)
[36m(RayTrainWorker pid=3857886)[0m Reporting training result 56: TrainingReport(checkpoint=Checkpoint(filesystem=local, path=/home/user/demo/review/ray_results/dit_training/checkpoint_2026-01-04_19-52-59.061889), metrics={'loss': 0.07578670620918274, 'epoch': 55, 'iter': 1400}, validation_spec=None)
[36m(RayTrainWorker pid=3857886)[0m ✓ 新的最佳模型! Loss: 0.075787 (Epoch 55)
[36m(RayTrainWorker pid=3857892)[0m Reporting training result 57: TrainingReport(checkpoint=None, metrics={'loss': 0.07683199524879455, 'epoch': 56, 'iter': 1425}, validation_spec=None)[32m [repeated 8x across cluster][0m
[36m(RayTrainWorker pid=3857892)[0m Reporting training result 58: TrainingReport(checkpoint=None, metrics={'loss': 0.07619924157857895, 'epoch': 57, 'iter': 1450}, validation_spec=None)[32m [repeated 8x across cluster][0m
[36m(RayTrainWorker pid=3857892)[0m Reporting training result 59: TrainingReport(checkpoint=None, metrics={'loss': 0.07602825820446014, 'epoch': 58, 'iter': 1475}, validation_spec=None)[32m [repeated 8x across cluster][0m
[36m(RayTrainWorker pid=3857886)[0m Epoch: 59, Iter: 1500, Loss: 0.079868, Avg: 0.075706
[36m(RayTrainWorker pid=3857888)[0m Reporting training result 59: TrainingReport(checkpoint=None, metrics={'loss': 0.07543057173490525, 'epoch': 58, 'iter': 1475}, validation_spec=None)[32m [repeated 7x across cluster][0m
[36m(RayTrainWorker pid=3857886)[0m Checkpoint successfully created at: Checkpoint(filesystem=local, path=/home/user/demo/review/ray_results/dit_training/checkpoint_2026-01-04_19-54-27.236744)
[36m(RayTrainWorker pid=3857886)[0m Reporting training result 60: TrainingReport(checkpoint=Checkpoint(filesystem=local, path=/home/user/demo/review/ray_results/dit_training/checkpoint_2026-01-04_19-54-27.236744), metrics={'loss': 0.07570626825094223, 'epoch': 59, 'iter': 1500}, validation_spec=None)
[36m(RayTrainWorker pid=3857886)[0m ✓ 新的最佳模型! Loss: 0.075706 (Epoch 59)
[36m(RayTrainWorker pid=3857892)[0m Reporting training result 61: TrainingReport(checkpoint=None, metrics={'loss': 0.07639554291963577, 'epoch': 60, 'iter': 1525}, validation_spec=None)[32m [repeated 8x across cluster][0m
[36m(RayTrainWorker pid=3857886)[0m Checkpoint successfully created at: Checkpoint(filesystem=local, path=/home/user/demo/review/ray_results/dit_training/checkpoint_2026-01-04_19-54-49.545717)
[36m(RayTrainWorker pid=3857886)[0m Reporting training result 61: TrainingReport(checkpoint=Checkpoint(filesystem=local, path=/home/user/demo/review/ray_results/dit_training/checkpoint_2026-01-04_19-54-49.545717), metrics={'loss': 0.0754028668999672, 'epoch': 60, 'iter': 1525}, validation_spec=None)
[36m(RayTrainWorker pid=3857886)[0m ✓ 新的最佳模型! Loss: 0.075403 (Epoch 60)
[36m(RayTrainWorker pid=3857892)[0m Reporting training result 62: TrainingReport(checkpoint=None, metrics={'loss': 0.07383213758468628, 'epoch': 61, 'iter': 1550}, validation_spec=None)[32m [repeated 7x across cluster][0m
[36m(RayTrainWorker pid=3857886)[0m Checkpoint successfully created at: Checkpoint(filesystem=local, path=/home/user/demo/review/ray_results/dit_training/checkpoint_2026-01-04_19-55-11.876114)
[36m(RayTrainWorker pid=3857886)[0m Reporting training result 62: TrainingReport(checkpoint=Checkpoint(filesystem=local, path=/home/user/demo/review/ray_results/dit_training/checkpoint_2026-01-04_19-55-11.876114), metrics={'loss': 0.07471322953701019, 'epoch': 61, 'iter': 1550}, validation_spec=None)
[36m(RayTrainWorker pid=3857886)[0m ✓ 新的最佳模型! Loss: 0.074713 (Epoch 61)
[36m(RayTrainWorker pid=3857892)[0m Reporting training result 63: TrainingReport(checkpoint=None, metrics={'loss': 0.07362090408802033, 'epoch': 62, 'iter': 1575}, validation_spec=None)[32m [repeated 7x across cluster][0m
[36m(RayTrainWorker pid=3857886)[0m Checkpoint successfully created at: Checkpoint(filesystem=local, path=/home/user/demo/review/ray_results/dit_training/checkpoint_2026-01-04_19-55-34.234121)
[36m(RayTrainWorker pid=3857886)[0m Reporting training result 63: TrainingReport(checkpoint=Checkpoint(filesystem=local, path=/home/user/demo/review/ray_results/dit_training/checkpoint_2026-01-04_19-55-34.234121), metrics={'loss': 0.07330260545015335, 'epoch': 62, 'iter': 1575}, validation_spec=None)
[36m(RayTrainWorker pid=3857886)[0m ✓ 新的最佳模型! Loss: 0.073303 (Epoch 62)
[36m(RayTrainWorker pid=3857892)[0m Reporting training result 64: TrainingReport(checkpoint=None, metrics={'loss': 0.07450755089521408, 'epoch': 63, 'iter': 1600}, validation_spec=None)[32m [repeated 7x across cluster][0m
[36m(RayTrainWorker pid=3857886)[0m Epoch: 63, Iter: 1600, Loss: 0.070366, Avg: 0.073741
[36m(RayTrainWorker pid=3857892)[0m Reporting training result 65: TrainingReport(checkpoint=None, metrics={'loss': 0.07541523694992065, 'epoch': 64, 'iter': 1625}, validation_spec=None)[32m [repeated 8x across cluster][0m
[36m(RayTrainWorker pid=3857892)[0m Reporting training result 66: TrainingReport(checkpoint=None, metrics={'loss': 0.07405202627182007, 'epoch': 65, 'iter': 1650}, validation_spec=None)[32m [repeated 8x across cluster][0m
[36m(RayTrainWorker pid=3857892)[0m Reporting training result 67: TrainingReport(checkpoint=None, metrics={'loss': 0.07435953319072723, 'epoch': 66, 'iter': 1675}, validation_spec=None)[32m [repeated 8x across cluster][0m
[36m(RayTrainWorker pid=3857886)[0m Checkpoint successfully created at: Checkpoint(filesystem=local, path=/home/user/demo/review/ray_results/dit_training/checkpoint_2026-01-04_19-56-47.884970)
[36m(RayTrainWorker pid=3857886)[0m Reporting training result 67: TrainingReport(checkpoint=Checkpoint(filesystem=local, path=/home/user/demo/review/ray_results/dit_training/checkpoint_2026-01-04_19-56-47.884970), metrics={'loss': 0.07299425393342972, 'epoch': 66, 'iter': 1675}, validation_spec=None)
[36m(RayTrainWorker pid=3857886)[0m ✓ 新的最佳模型! Loss: 0.072994 (Epoch 66)
[36m(RayTrainWorker pid=3857886)[0m Epoch: 67, Iter: 1700, Loss: 0.070328, Avg: 0.071131
[36m(RayTrainWorker pid=3857888)[0m Reporting training result 67: TrainingReport(checkpoint=None, metrics={'loss': 0.07228173077106476, 'epoch': 66, 'iter': 1675}, validation_spec=None)[32m [repeated 6x across cluster][0m
[36m(RayTrainWorker pid=3857886)[0m Checkpoint successfully created at: Checkpoint(filesystem=local, path=/home/user/demo/review/ray_results/dit_training/checkpoint_2026-01-04_19-57-00.733982)
[36m(RayTrainWorker pid=3857886)[0m Reporting training result 68: TrainingReport(checkpoint=Checkpoint(filesystem=local, path=/home/user/demo/review/ray_results/dit_training/checkpoint_2026-01-04_19-57-00.733982), metrics={'loss': 0.07113127261400223, 'epoch': 67, 'iter': 1700}, validation_spec=None)
[36m(RayTrainWorker pid=3857886)[0m ✓ 新的最佳模型! Loss: 0.071131 (Epoch 67)
[36m(RayTrainWorker pid=3857892)[0m Reporting training result 69: TrainingReport(checkpoint=None, metrics={'loss': 0.07171136319637299, 'epoch': 68, 'iter': 1725}, validation_spec=None)[32m [repeated 8x across cluster][0m
[36m(RayTrainWorker pid=3857886)[0m Checkpoint successfully created at: Checkpoint(filesystem=local, path=/home/user/demo/review/ray_results/dit_training/checkpoint_2026-01-04_19-57-13.691777)
[36m(RayTrainWorker pid=3857886)[0m Reporting training result 69: TrainingReport(checkpoint=Checkpoint(filesystem=local, path=/home/user/demo/review/ray_results/dit_training/checkpoint_2026-01-04_19-57-13.691777), metrics={'loss': 0.07082414954900741, 'epoch': 68, 'iter': 1725}, validation_spec=None)
[36m(RayTrainWorker pid=3857886)[0m ✓ 新的最佳模型! Loss: 0.070824 (Epoch 68)
[36m(RayTrainWorker pid=3857892)[0m Reporting training result 70: TrainingReport(checkpoint=None, metrics={'loss': 0.07220730006694794, 'epoch': 69, 'iter': 1750}, validation_spec=None)[32m [repeated 7x across cluster][0m
[36m(RayTrainWorker pid=3857892)[0m Reporting training result 71: TrainingReport(checkpoint=None, metrics={'loss': 0.0711104241013527, 'epoch': 70, 'iter': 1775}, validation_spec=None)[32m [repeated 8x across cluster][0m
[36m(RayTrainWorker pid=3857892)[0m Reporting training result 72: TrainingReport(checkpoint=None, metrics={'loss': 0.07145292848348618, 'epoch': 71, 'iter': 1800}, validation_spec=None)[32m [repeated 8x across cluster][0m
[36m(RayTrainWorker pid=3857886)[0m Epoch: 71, Iter: 1800, Loss: 0.069040, Avg: 0.071333
[36m(RayTrainWorker pid=3857892)[0m Reporting training result 73: TrainingReport(checkpoint=None, metrics={'loss': 0.0711804586648941, 'epoch': 72, 'iter': 1825}, validation_spec=None)[32m [repeated 8x across cluster][0m
[36m(RayTrainWorker pid=3857892)[0m Reporting training result 74: TrainingReport(checkpoint=None, metrics={'loss': 0.06974610835313796, 'epoch': 73, 'iter': 1850}, validation_spec=None)[32m [repeated 8x across cluster][0m
[36m(RayTrainWorker pid=3857886)[0m Checkpoint successfully created at: Checkpoint(filesystem=local, path=/home/user/demo/review/ray_results/dit_training/checkpoint_2026-01-04_19-58-16.729002)
[36m(RayTrainWorker pid=3857886)[0m Reporting training result 74: TrainingReport(checkpoint=Checkpoint(filesystem=local, path=/home/user/demo/review/ray_results/dit_training/checkpoint_2026-01-04_19-58-16.729002), metrics={'loss': 0.07019257813692092, 'epoch': 73, 'iter': 1850}, validation_spec=None)
[36m(RayTrainWorker pid=3857886)[0m ✓ 新的最佳模型! Loss: 0.070193 (Epoch 73)
[36m(RayTrainWorker pid=3857892)[0m Reporting training result 75: TrainingReport(checkpoint=None, metrics={'loss': 0.07092316836118698, 'epoch': 74, 'iter': 1875}, validation_spec=None)[32m [repeated 7x across cluster][0m
[36m(RayTrainWorker pid=3857886)[0m Epoch: 75, Iter: 1900, Loss: 0.065992, Avg: 0.068717
[36m(RayTrainWorker pid=3857888)[0m Reporting training result 75: TrainingReport(checkpoint=None, metrics={'loss': 0.07099121004343033, 'epoch': 74, 'iter': 1875}, validation_spec=None)[32m [repeated 7x across cluster][0m
[36m(RayTrainWorker pid=3857886)[0m Checkpoint successfully created at: Checkpoint(filesystem=local, path=/home/user/demo/review/ray_results/dit_training/checkpoint_2026-01-04_19-58-42.300820)
[36m(RayTrainWorker pid=3857886)[0m Reporting training result 76: TrainingReport(checkpoint=Checkpoint(filesystem=local, path=/home/user/demo/review/ray_results/dit_training/checkpoint_2026-01-04_19-58-42.300820), metrics={'loss': 0.06871736794710159, 'epoch': 75, 'iter': 1900}, validation_spec=None)
[36m(RayTrainWorker pid=3857886)[0m ✓ 新的最佳模型! Loss: 0.068717 (Epoch 75)
[36m(RayTrainWorker pid=3857892)[0m Reporting training result 77: TrainingReport(checkpoint=None, metrics={'loss': 0.07032610148191452, 'epoch': 76, 'iter': 1925}, validation_spec=None)[32m [repeated 8x across cluster][0m
[36m(RayTrainWorker pid=3857892)[0m Reporting training result 78: TrainingReport(checkpoint=None, metrics={'loss': 0.06977625712752342, 'epoch': 77, 'iter': 1950}, validation_spec=None)[32m [repeated 8x across cluster][0m
[36m(RayTrainWorker pid=3857892)[0m Reporting training result 79: TrainingReport(checkpoint=None, metrics={'loss': 0.06863958045840263, 'epoch': 78, 'iter': 1975}, validation_spec=None)[32m [repeated 8x across cluster][0m
[36m(RayTrainWorker pid=3857886)[0m Epoch: 79, Iter: 2000, Loss: 0.063980, Avg: 0.068209
[36m(RayTrainWorker pid=3857888)[0m Reporting training result 79: TrainingReport(checkpoint=None, metrics={'loss': 0.06868357867002488, 'epoch': 78, 'iter': 1975}, validation_spec=None)[32m [repeated 7x across cluster][0m
[36m(RayTrainWorker pid=3857886)[0m Checkpoint successfully created at: Checkpoint(filesystem=local, path=/home/user/demo/review/ray_results/dit_training/checkpoint_2026-01-04_19-59-32.956020)
[36m(RayTrainWorker pid=3857886)[0m Reporting training result 80: TrainingReport(checkpoint=Checkpoint(filesystem=local, path=/home/user/demo/review/ray_results/dit_training/checkpoint_2026-01-04_19-59-32.956020), metrics={'loss': 0.0682093220949173, 'epoch': 79, 'iter': 2000}, validation_spec=None)
[36m(RayTrainWorker pid=3857886)[0m ✓ 新的最佳模型! Loss: 0.068209 (Epoch 79)
[36m(RayTrainWorker pid=3857892)[0m Reporting training result 81: TrainingReport(checkpoint=None, metrics={'loss': 0.0679172021150589, 'epoch': 80, 'iter': 2025}, validation_spec=None)[32m [repeated 8x across cluster][0m
[36m(RayTrainWorker pid=3857892)[0m Reporting training result 82: TrainingReport(checkpoint=None, metrics={'loss': 0.06892769649624825, 'epoch': 81, 'iter': 2050}, validation_spec=None)[32m [repeated 8x across cluster][0m
[36m(RayTrainWorker pid=3857892)[0m Reporting training result 83: TrainingReport(checkpoint=None, metrics={'loss': 0.06979396194219589, 'epoch': 82, 'iter': 2075}, validation_spec=None)[32m [repeated 8x across cluster][0m
[36m(RayTrainWorker pid=3857886)[0m Checkpoint successfully created at: Checkpoint(filesystem=local, path=/home/user/demo/review/ray_results/dit_training/checkpoint_2026-01-04_20-00-11.215617)
[36m(RayTrainWorker pid=3857886)[0m Reporting training result 83: TrainingReport(checkpoint=Checkpoint(filesystem=local, path=/home/user/demo/review/ray_results/dit_training/checkpoint_2026-01-04_20-00-11.215617), metrics={'loss': 0.06762854844331741, 'epoch': 82, 'iter': 2075}, validation_spec=None)
[36m(RayTrainWorker pid=3857886)[0m ✓ 新的最佳模型! Loss: 0.067629 (Epoch 82)
[36m(RayTrainWorker pid=3857892)[0m Reporting training result 84: TrainingReport(checkpoint=None, metrics={'loss': 0.0683459261059761, 'epoch': 83, 'iter': 2100}, validation_spec=None)[32m [repeated 7x across cluster][0m
[36m(RayTrainWorker pid=3857886)[0m Epoch: 83, Iter: 2100, Loss: 0.072296, Avg: 0.069184
[36m(RayTrainWorker pid=3857892)[0m Reporting training result 85: TrainingReport(checkpoint=None, metrics={'loss': 0.0675778678059578, 'epoch': 84, 'iter': 2125}, validation_spec=None)[32m [repeated 8x across cluster][0m
[36m(RayTrainWorker pid=3857886)[0m Checkpoint successfully created at: Checkpoint(filesystem=local, path=/home/user/demo/review/ray_results/dit_training/checkpoint_2026-01-04_20-00-36.835952)
[36m(RayTrainWorker pid=3857886)[0m Reporting training result 85: TrainingReport(checkpoint=Checkpoint(filesystem=local, path=/home/user/demo/review/ray_results/dit_training/checkpoint_2026-01-04_20-00-36.835952), metrics={'loss': 0.06717483744025231, 'epoch': 84, 'iter': 2125}, validation_spec=None)
[36m(RayTrainWorker pid=3857886)[0m ✓ 新的最佳模型! Loss: 0.067175 (Epoch 84)
[36m(RayTrainWorker pid=3857892)[0m Reporting training result 86: TrainingReport(checkpoint=None, metrics={'loss': 0.06759709313511848, 'epoch': 85, 'iter': 2150}, validation_spec=None)[32m [repeated 7x across cluster][0m
[36m(RayTrainWorker pid=3857892)[0m Reporting training result 87: TrainingReport(checkpoint=None, metrics={'loss': 0.06840538710355759, 'epoch': 86, 'iter': 2175}, validation_spec=None)[32m [repeated 8x across cluster][0m
[36m(RayTrainWorker pid=3857886)[0m Epoch: 87, Iter: 2200, Loss: 0.064801, Avg: 0.066792
[36m(RayTrainWorker pid=3857888)[0m Reporting training result 87: TrainingReport(checkpoint=None, metrics={'loss': 0.06874802023172379, 'epoch': 86, 'iter': 2175}, validation_spec=None)[32m [repeated 7x across cluster][0m
[36m(RayTrainWorker pid=3857886)[0m Checkpoint successfully created at: Checkpoint(filesystem=local, path=/home/user/demo/review/ray_results/dit_training/checkpoint_2026-01-04_20-01-15.071413)
[36m(RayTrainWorker pid=3857886)[0m Reporting training result 88: TrainingReport(checkpoint=Checkpoint(filesystem=local, path=/home/user/demo/review/ray_results/dit_training/checkpoint_2026-01-04_20-01-15.071413), metrics={'loss': 0.06679227024316788, 'epoch': 87, 'iter': 2200}, validation_spec=None)
[36m(RayTrainWorker pid=3857886)[0m ✓ 新的最佳模型! Loss: 0.066792 (Epoch 87)
[36m(RayTrainWorker pid=3857892)[0m Reporting training result 89: TrainingReport(checkpoint=None, metrics={'loss': 0.06801882788538932, 'epoch': 88, 'iter': 2225}, validation_spec=None)[32m [repeated 8x across cluster][0m
[36m(RayTrainWorker pid=3857892)[0m Reporting training result 90: TrainingReport(checkpoint=None, metrics={'loss': 0.06864226639270782, 'epoch': 89, 'iter': 2250}, validation_spec=None)[32m [repeated 8x across cluster][0m
[36m(RayTrainWorker pid=3857892)[0m Reporting training result 91: TrainingReport(checkpoint=None, metrics={'loss': 0.06631205081939698, 'epoch': 90, 'iter': 2275}, validation_spec=None)[32m [repeated 8x across cluster][0m
[36m(RayTrainWorker pid=3857892)[0m Reporting training result 92: TrainingReport(checkpoint=None, metrics={'loss': 0.06544009774923325, 'epoch': 91, 'iter': 2300}, validation_spec=None)[32m [repeated 8x across cluster][0m
[36m(RayTrainWorker pid=3857886)[0m Epoch: 91, Iter: 2300, Loss: 0.066349, Avg: 0.067595
[36m(RayTrainWorker pid=3857892)[0m Reporting training result 93: TrainingReport(checkpoint=None, metrics={'loss': 0.06702762424945831, 'epoch': 92, 'iter': 2325}, validation_spec=None)[32m [repeated 8x across cluster][0m
[36m(RayTrainWorker pid=3857892)[0m Reporting training result 94: TrainingReport(checkpoint=None, metrics={'loss': 0.0662569411098957, 'epoch': 93, 'iter': 2350}, validation_spec=None)[32m [repeated 8x across cluster][0m
[36m(RayTrainWorker pid=3857892)[0m Reporting training result 95: TrainingReport(checkpoint=None, metrics={'loss': 0.06761640340089797, 'epoch': 94, 'iter': 2375}, validation_spec=None)[32m [repeated 8x across cluster][0m
[36m(RayTrainWorker pid=3857886)[0m Checkpoint successfully created at: Checkpoint(filesystem=local, path=/home/user/demo/review/ray_results/dit_training/checkpoint_2026-01-04_20-02-43.913205)
[36m(RayTrainWorker pid=3857886)[0m Reporting training result 95: TrainingReport(checkpoint=Checkpoint(filesystem=local, path=/home/user/demo/review/ray_results/dit_training/checkpoint_2026-01-04_20-02-43.913205), metrics={'loss': 0.06644629821181297, 'epoch': 94, 'iter': 2375}, validation_spec=None)
[36m(RayTrainWorker pid=3857886)[0m ✓ 新的最佳模型! Loss: 0.066446 (Epoch 94)
[36m(RayTrainWorker pid=3857886)[0m Epoch: 95, Iter: 2400, Loss: 0.061427, Avg: 0.066077
[36m(RayTrainWorker pid=3857888)[0m Reporting training result 95: TrainingReport(checkpoint=None, metrics={'loss': 0.06698341473937035, 'epoch': 94, 'iter': 2375}, validation_spec=None)[32m [repeated 6x across cluster][0m
[36m(RayTrainWorker pid=3857886)[0m Checkpoint successfully created at: Checkpoint(filesystem=local, path=/home/user/demo/review/ray_results/dit_training/checkpoint_2026-01-04_20-02-57.077403)
[36m(RayTrainWorker pid=3857886)[0m Reporting training result 96: TrainingReport(checkpoint=Checkpoint(filesystem=local, path=/home/user/demo/review/ray_results/dit_training/checkpoint_2026-01-04_20-02-57.077403), metrics={'loss': 0.06607726991176605, 'epoch': 95, 'iter': 2400}, validation_spec=None)
[36m(RayTrainWorker pid=3857886)[0m ✓ 新的最佳模型! Loss: 0.066077 (Epoch 95)
[36m(RayTrainWorker pid=3857892)[0m Reporting training result 97: TrainingReport(checkpoint=None, metrics={'loss': 0.06502111211419105, 'epoch': 96, 'iter': 2425}, validation_spec=None)[32m [repeated 8x across cluster][0m
[36m(RayTrainWorker pid=3857892)[0m Reporting training result 98: TrainingReport(checkpoint=None, metrics={'loss': 0.06550846084952354, 'epoch': 97, 'iter': 2450}, validation_spec=None)[32m [repeated 8x across cluster][0m
[36m(RayTrainWorker pid=3857886)[0m Checkpoint successfully created at: Checkpoint(filesystem=local, path=/home/user/demo/review/ray_results/dit_training/checkpoint_2026-01-04_20-03-22.696752)
[36m(RayTrainWorker pid=3857886)[0m Reporting training result 98: TrainingReport(checkpoint=Checkpoint(filesystem=local, path=/home/user/demo/review/ray_results/dit_training/checkpoint_2026-01-04_20-03-22.696752), metrics={'loss': 0.06574989005923271, 'epoch': 97, 'iter': 2450}, validation_spec=None)
[36m(RayTrainWorker pid=3857886)[0m ✓ 新的最佳模型! Loss: 0.065750 (Epoch 97)
[36m(RayTrainWorker pid=3857892)[0m Reporting training result 99: TrainingReport(checkpoint=None, metrics={'loss': 0.06576352149248123, 'epoch': 98, 'iter': 2475}, validation_spec=None)[32m [repeated 7x across cluster][0m
[36m(RayTrainWorker pid=3857886)[0m Epoch: 99, Iter: 2500, Loss: 0.068991, Avg: 0.066107
[36m(RayTrainWorker pid=3857888)[0m Reporting training result 99: TrainingReport(checkpoint=None, metrics={'loss': 0.06581210866570472, 'epoch': 98, 'iter': 2475}, validation_spec=None)[32m [repeated 7x across cluster][0m
[36m(RayTrainWorker pid=3857886)[0m Checkpoint successfully created at: Checkpoint(filesystem=local, path=/home/user/demo/review/ray_results/dit_training/checkpoint_2026-01-04_20-03-48.399770)
[36m(RayTrainWorker pid=3857886)[0m Reporting training result 100: TrainingReport(checkpoint=Checkpoint(filesystem=local, path=/home/user/demo/review/ray_results/dit_training/checkpoint_2026-01-04_20-03-48.399770), metrics={'loss': 0.06610662534832955, 'epoch': 99, 'iter': 2500}, validation_spec=None)
[36m(RayTrainWorker pid=3857886)[0m ✓ Checkpoint保存于 Epoch 99
[36m(RayTrainWorker pid=3857892)[0m Reporting training result 101: TrainingReport(checkpoint=None, metrics={'loss': 0.0659522521495819, 'epoch': 100, 'iter': 2525}, validation_spec=None)[32m [repeated 8x across cluster][0m
[36m(RayTrainWorker pid=3857886)[0m Checkpoint successfully created at: Checkpoint(filesystem=local, path=/home/user/demo/review/ray_results/dit_training/checkpoint_2026-01-04_20-04-01.507722)
[36m(RayTrainWorker pid=3857886)[0m Reporting training result 101: TrainingReport(checkpoint=Checkpoint(filesystem=local, path=/home/user/demo/review/ray_results/dit_training/checkpoint_2026-01-04_20-04-01.507722), metrics={'loss': 0.06469669044017792, 'epoch': 100, 'iter': 2525}, validation_spec=None)
[36m(RayTrainWorker pid=3857886)[0m ✓ 新的最佳模型! Loss: 0.064697 (Epoch 100)
[36m(RayTrainWorker pid=3857892)[0m Reporting training result 102: TrainingReport(checkpoint=None, metrics={'loss': 0.06529970586299896, 'epoch': 101, 'iter': 2550}, validation_spec=None)[32m [repeated 7x across cluster][0m
[36m(RayTrainWorker pid=3857886)[0m Checkpoint successfully created at: Checkpoint(filesystem=local, path=/home/user/demo/review/ray_results/dit_training/checkpoint_2026-01-04_20-04-14.568294)
[36m(RayTrainWorker pid=3857886)[0m Reporting training result 102: TrainingReport(checkpoint=Checkpoint(filesystem=local, path=/home/user/demo/review/ray_results/dit_training/checkpoint_2026-01-04_20-04-14.568294), metrics={'loss': 0.06443897441029549, 'epoch': 101, 'iter': 2550}, validation_spec=None)
[36m(RayTrainWorker pid=3857886)[0m ✓ 新的最佳模型! Loss: 0.064439 (Epoch 101)
[36m(RayTrainWorker pid=3857892)[0m Reporting training result 103: TrainingReport(checkpoint=None, metrics={'loss': 0.06558776631951332, 'epoch': 102, 'iter': 2575}, validation_spec=None)[32m [repeated 7x across cluster][0m
[36m(RayTrainWorker pid=3857886)[0m Epoch: 103, Iter: 2600, Loss: 0.067974, Avg: 0.064507
[36m(RayTrainWorker pid=3857888)[0m Reporting training result 103: TrainingReport(checkpoint=None, metrics={'loss': 0.0654406812787056, 'epoch': 102, 'iter': 2575}, validation_spec=None)[32m [repeated 7x across cluster][0m
[36m(RayTrainWorker pid=3857892)[0m Reporting training result 105: TrainingReport(checkpoint=None, metrics={'loss': 0.0654169861972332, 'epoch': 104, 'iter': 2625}, validation_spec=None)[32m [repeated 9x across cluster][0m
[36m(RayTrainWorker pid=3857886)[0m Checkpoint successfully created at: Checkpoint(filesystem=local, path=/home/user/demo/review/ray_results/dit_training/checkpoint_2026-01-04_20-04-52.852120)
[36m(RayTrainWorker pid=3857886)[0m Reporting training result 105: TrainingReport(checkpoint=Checkpoint(filesystem=local, path=/home/user/demo/review/ray_results/dit_training/checkpoint_2026-01-04_20-04-52.852120), metrics={'loss': 0.0643553875386715, 'epoch': 104, 'iter': 2625}, validation_spec=None)
[36m(RayTrainWorker pid=3857886)[0m ✓ 新的最佳模型! Loss: 0.064355 (Epoch 104)
[36m(RayTrainWorker pid=3857892)[0m Reporting training result 106: TrainingReport(checkpoint=None, metrics={'loss': 0.06550366327166557, 'epoch': 105, 'iter': 2650}, validation_spec=None)[32m [repeated 7x across cluster][0m
[36m(RayTrainWorker pid=3857892)[0m Reporting training result 107: TrainingReport(checkpoint=None, metrics={'loss': 0.06527566075325013, 'epoch': 106, 'iter': 2675}, validation_spec=None)[32m [repeated 8x across cluster][0m
[36m(RayTrainWorker pid=3857886)[0m Checkpoint successfully created at: Checkpoint(filesystem=local, path=/home/user/demo/review/ray_results/dit_training/checkpoint_2026-01-04_20-05-18.542662)
[36m(RayTrainWorker pid=3857886)[0m Reporting training result 107: TrainingReport(checkpoint=Checkpoint(filesystem=local, path=/home/user/demo/review/ray_results/dit_training/checkpoint_2026-01-04_20-05-18.542662), metrics={'loss': 0.06388144209980964, 'epoch': 106, 'iter': 2675}, validation_spec=None)
[36m(RayTrainWorker pid=3857886)[0m ✓ 新的最佳模型! Loss: 0.063881 (Epoch 106)
[36m(RayTrainWorker pid=3857892)[0m Reporting training result 108: TrainingReport(checkpoint=None, metrics={'loss': 0.06547618880867959, 'epoch': 107, 'iter': 2700}, validation_spec=None)[32m [repeated 7x across cluster][0m
[36m(RayTrainWorker pid=3857886)[0m Epoch: 107, Iter: 2700, Loss: 0.065316, Avg: 0.066086
[36m(RayTrainWorker pid=3857892)[0m Reporting training result 109: TrainingReport(checkpoint=None, metrics={'loss': 0.0644601571559906, 'epoch': 108, 'iter': 2725}, validation_spec=None)[32m [repeated 8x across cluster][0m
[36m(RayTrainWorker pid=3857892)[0m Reporting training result 110: TrainingReport(checkpoint=None, metrics={'loss': 0.06528689503669739, 'epoch': 109, 'iter': 2750}, validation_spec=None)[32m [repeated 8x across cluster][0m
[36m(RayTrainWorker pid=3857892)[0m Reporting training result 111: TrainingReport(checkpoint=None, metrics={'loss': 0.06386277437210083, 'epoch': 110, 'iter': 2775}, validation_spec=None)[32m [repeated 8x across cluster][0m
[36m(RayTrainWorker pid=3857886)[0m Checkpoint successfully created at: Checkpoint(filesystem=local, path=/home/user/demo/review/ray_results/dit_training/checkpoint_2026-01-04_20-06-09.435113)
[36m(RayTrainWorker pid=3857886)[0m Reporting training result 111: TrainingReport(checkpoint=Checkpoint(filesystem=local, path=/home/user/demo/review/ray_results/dit_training/checkpoint_2026-01-04_20-06-09.435113), metrics={'loss': 0.06381495967507363, 'epoch': 110, 'iter': 2775}, validation_spec=None)
[36m(RayTrainWorker pid=3857886)[0m ✓ 新的最佳模型! Loss: 0.063815 (Epoch 110)
[36m(RayTrainWorker pid=3857892)[0m Reporting training result 112: TrainingReport(checkpoint=None, metrics={'loss': 0.0642136786878109, 'epoch': 111, 'iter': 2800}, validation_spec=None)[32m [repeated 7x across cluster][0m
[36m(RayTrainWorker pid=3857886)[0m Epoch: 111, Iter: 2800, Loss: 0.066772, Avg: 0.064015
[36m(RayTrainWorker pid=3857892)[0m Reporting training result 113: TrainingReport(checkpoint=None, metrics={'loss': 0.06414718478918076, 'epoch': 112, 'iter': 2825}, validation_spec=None)[32m [repeated 8x across cluster][0m
[36m(RayTrainWorker pid=3857892)[0m Reporting training result 114: TrainingReport(checkpoint=None, metrics={'loss': 0.06450863227248192, 'epoch': 113, 'iter': 2850}, validation_spec=None)[32m [repeated 8x across cluster][0m
[36m(RayTrainWorker pid=3857886)[0m Checkpoint successfully created at: Checkpoint(filesystem=local, path=/home/user/demo/review/ray_results/dit_training/checkpoint_2026-01-04_20-06-47.795442)
[36m(RayTrainWorker pid=3857886)[0m Reporting training result 114: TrainingReport(checkpoint=Checkpoint(filesystem=local, path=/home/user/demo/review/ray_results/dit_training/checkpoint_2026-01-04_20-06-47.795442), metrics={'loss': 0.06365262165665626, 'epoch': 113, 'iter': 2850}, validation_spec=None)
[36m(RayTrainWorker pid=3857886)[0m ✓ 新的最佳模型! Loss: 0.063653 (Epoch 113)
[36m(RayTrainWorker pid=3857892)[0m Reporting training result 115: TrainingReport(checkpoint=None, metrics={'loss': 0.06461230814456939, 'epoch': 114, 'iter': 2875}, validation_spec=None)[32m [repeated 7x across cluster][0m
[36m(RayTrainWorker pid=3857892)[0m Reporting training result 116: TrainingReport(checkpoint=None, metrics={'loss': 0.0637733869254589, 'epoch': 115, 'iter': 2900}, validation_spec=None)[32m [repeated 8x across cluster][0m
[36m(RayTrainWorker pid=3857886)[0m Epoch: 115, Iter: 2900, Loss: 0.059978, Avg: 0.064083
[36m(RayTrainWorker pid=3857892)[0m Reporting training result 117: TrainingReport(checkpoint=None, metrics={'loss': 0.06522742867469787, 'epoch': 116, 'iter': 2925}, validation_spec=None)[32m [repeated 8x across cluster][0m
[36m(RayTrainWorker pid=3857892)[0m Reporting training result 118: TrainingReport(checkpoint=None, metrics={'loss': 0.06552690982818604, 'epoch': 117, 'iter': 2950}, validation_spec=None)[32m [repeated 8x across cluster][0m
[36m(RayTrainWorker pid=3857892)[0m Reporting training result 119: TrainingReport(checkpoint=None, metrics={'loss': 0.06513107001781464, 'epoch': 118, 'iter': 2975}, validation_spec=None)[32m [repeated 8x across cluster][0m
[36m(RayTrainWorker pid=3857886)[0m Epoch: 119, Iter: 3000, Loss: 0.058622, Avg: 0.063940
[36m(RayTrainWorker pid=3857888)[0m Reporting training result 119: TrainingReport(checkpoint=None, metrics={'loss': 0.06503591403365135, 'epoch': 118, 'iter': 2975}, validation_spec=None)[32m [repeated 7x across cluster][0m
[36m(RayTrainWorker pid=3857886)[0m Checkpoint successfully created at: Checkpoint(filesystem=local, path=/home/user/demo/review/ray_results/dit_training/checkpoint_2026-01-04_20-08-03.869416)
[36m(RayTrainWorker pid=3857886)[0m Reporting training result 120: TrainingReport(checkpoint=Checkpoint(filesystem=local, path=/home/user/demo/review/ray_results/dit_training/checkpoint_2026-01-04_20-08-03.869416), metrics={'loss': 0.0639402486383915, 'epoch': 119, 'iter': 3000}, validation_spec=None)
[36m(RayTrainWorker pid=3857886)[0m ✓ Checkpoint保存于 Epoch 119
[36m(RayTrainWorker pid=3857892)[0m Reporting training result 121: TrainingReport(checkpoint=None, metrics={'loss': 0.06371499821543694, 'epoch': 120, 'iter': 3025}, validation_spec=None)[32m [repeated 8x across cluster][0m
[36m(RayTrainWorker pid=3857886)[0m Checkpoint successfully created at: Checkpoint(filesystem=local, path=/home/user/demo/review/ray_results/dit_training/checkpoint_2026-01-04_20-08-16.918473)
[36m(RayTrainWorker pid=3857886)[0m Reporting training result 121: TrainingReport(checkpoint=Checkpoint(filesystem=local, path=/home/user/demo/review/ray_results/dit_training/checkpoint_2026-01-04_20-08-16.918473), metrics={'loss': 0.063533253967762, 'epoch': 120, 'iter': 3025}, validation_spec=None)
[36m(RayTrainWorker pid=3857886)[0m ✓ 新的最佳模型! Loss: 0.063533 (Epoch 120)
[36m(RayTrainWorker pid=3857892)[0m Reporting training result 122: TrainingReport(checkpoint=None, metrics={'loss': 0.06308589652180671, 'epoch': 121, 'iter': 3050}, validation_spec=None)[32m [repeated 7x across cluster][0m
[36m(RayTrainWorker pid=3857892)[0m Reporting training result 123: TrainingReport(checkpoint=None, metrics={'loss': 0.06141773968935013, 'epoch': 122, 'iter': 3075}, validation_spec=None)[32m [repeated 8x across cluster][0m
[36m(RayTrainWorker pid=3857886)[0m Epoch: 123, Iter: 3100, Loss: 0.057994, Avg: 0.062809
[36m(RayTrainWorker pid=3857888)[0m Reporting training result 123: TrainingReport(checkpoint=None, metrics={'loss': 0.062456732392311094, 'epoch': 122, 'iter': 3075}, validation_spec=None)[32m [repeated 7x across cluster][0m
[36m(RayTrainWorker pid=3857886)[0m Checkpoint successfully created at: Checkpoint(filesystem=local, path=/home/user/demo/review/ray_results/dit_training/checkpoint_2026-01-04_20-08-55.219727)
[36m(RayTrainWorker pid=3857886)[0m Reporting training result 124: TrainingReport(checkpoint=Checkpoint(filesystem=local, path=/home/user/demo/review/ray_results/dit_training/checkpoint_2026-01-04_20-08-55.219727), metrics={'loss': 0.06280883893370628, 'epoch': 123, 'iter': 3100}, validation_spec=None)
[36m(RayTrainWorker pid=3857886)[0m ✓ 新的最佳模型! Loss: 0.062809 (Epoch 123)
[36m(RayTrainWorker pid=3857892)[0m Reporting training result 125: TrainingReport(checkpoint=None, metrics={'loss': 0.06327175706624985, 'epoch': 124, 'iter': 3125}, validation_spec=None)[32m [repeated 8x across cluster][0m
[36m(RayTrainWorker pid=3857886)[0m Checkpoint successfully created at: Checkpoint(filesystem=local, path=/home/user/demo/review/ray_results/dit_training/checkpoint_2026-01-04_20-09-08.302162)
[36m(RayTrainWorker pid=3857886)[0m Reporting training result 125: TrainingReport(checkpoint=Checkpoint(filesystem=local, path=/home/user/demo/review/ray_results/dit_training/checkpoint_2026-01-04_20-09-08.302162), metrics={'loss': 0.06222981244325638, 'epoch': 124, 'iter': 3125}, validation_spec=None)
[36m(RayTrainWorker pid=3857886)[0m ✓ 新的最佳模型! Loss: 0.062230 (Epoch 124)
[36m(RayTrainWorker pid=3857892)[0m Reporting training result 126: TrainingReport(checkpoint=None, metrics={'loss': 0.0626371791958809, 'epoch': 125, 'iter': 3150}, validation_spec=None)[32m [repeated 7x across cluster][0m
[36m(RayTrainWorker pid=3857892)[0m Reporting training result 127: TrainingReport(checkpoint=None, metrics={'loss': 0.06097642943263054, 'epoch': 126, 'iter': 3175}, validation_spec=None)[32m [repeated 8x across cluster][0m
[36m(RayTrainWorker pid=3857886)[0m Checkpoint successfully created at: Checkpoint(filesystem=local, path=/home/user/demo/review/ray_results/dit_training/checkpoint_2026-01-04_20-09-33.975814)
[36m(RayTrainWorker pid=3857886)[0m Reporting training result 127: TrainingReport(checkpoint=Checkpoint(filesystem=local, path=/home/user/demo/review/ray_results/dit_training/checkpoint_2026-01-04_20-09-33.975814), metrics={'loss': 0.06211384788155556, 'epoch': 126, 'iter': 3175}, validation_spec=None)
[36m(RayTrainWorker pid=3857886)[0m ✓ 新的最佳模型! Loss: 0.062114 (Epoch 126)
[36m(RayTrainWorker pid=3857886)[0m Epoch: 127, Iter: 3200, Loss: 0.066392, Avg: 0.061933
[36m(RayTrainWorker pid=3857888)[0m Reporting training result 127: TrainingReport(checkpoint=None, metrics={'loss': 0.06267095565795898, 'epoch': 126, 'iter': 3175}, validation_spec=None)[32m [repeated 6x across cluster][0m
[36m(RayTrainWorker pid=3857886)[0m Checkpoint successfully created at: Checkpoint(filesystem=local, path=/home/user/demo/review/ray_results/dit_training/checkpoint_2026-01-04_20-09-47.056459)
[36m(RayTrainWorker pid=3857886)[0m Reporting training result 128: TrainingReport(checkpoint=Checkpoint(filesystem=local, path=/home/user/demo/review/ray_results/dit_training/checkpoint_2026-01-04_20-09-47.056459), metrics={'loss': 0.06193304121494293, 'epoch': 127, 'iter': 3200}, validation_spec=None)
[36m(RayTrainWorker pid=3857886)[0m ✓ 新的最佳模型! Loss: 0.061933 (Epoch 127)
[36m(RayTrainWorker pid=3857892)[0m Reporting training result 129: TrainingReport(checkpoint=None, metrics={'loss': 0.06248607411980629, 'epoch': 128, 'iter': 3225}, validation_spec=None)[32m [repeated 8x across cluster][0m
[36m(RayTrainWorker pid=3857892)[0m Reporting training result 130: TrainingReport(checkpoint=None, metrics={'loss': 0.06213827326893807, 'epoch': 129, 'iter': 3250}, validation_spec=None)[32m [repeated 8x across cluster][0m
[36m(RayTrainWorker pid=3857892)[0m Reporting training result 131: TrainingReport(checkpoint=None, metrics={'loss': 0.06277929082512855, 'epoch': 130, 'iter': 3275}, validation_spec=None)[32m [repeated 8x across cluster][0m
[36m(RayTrainWorker pid=3857892)[0m Reporting training result 132: TrainingReport(checkpoint=None, metrics={'loss': 0.06207744210958481, 'epoch': 131, 'iter': 3300}, validation_spec=None)[32m [repeated 8x across cluster][0m
[36m(RayTrainWorker pid=3857886)[0m Epoch: 131, Iter: 3300, Loss: 0.061560, Avg: 0.062853
[36m(RayTrainWorker pid=3857892)[0m Reporting training result 133: TrainingReport(checkpoint=None, metrics={'loss': 0.061531452983617785, 'epoch': 132, 'iter': 3325}, validation_spec=None)[32m [repeated 8x across cluster][0m
[36m(RayTrainWorker pid=3857892)[0m Reporting training result 134: TrainingReport(checkpoint=None, metrics={'loss': 0.0619881646335125, 'epoch': 133, 'iter': 3350}, validation_spec=None)[32m [repeated 8x across cluster][0m
[36m(RayTrainWorker pid=3857886)[0m Checkpoint successfully created at: Checkpoint(filesystem=local, path=/home/user/demo/review/ray_results/dit_training/checkpoint_2026-01-04_20-11-03.180690)
[36m(RayTrainWorker pid=3857886)[0m Reporting training result 134: TrainingReport(checkpoint=Checkpoint(filesystem=local, path=/home/user/demo/review/ray_results/dit_training/checkpoint_2026-01-04_20-11-03.180690), metrics={'loss': 0.061267860680818555, 'epoch': 133, 'iter': 3350}, validation_spec=None)
[36m(RayTrainWorker pid=3857886)[0m ✓ 新的最佳模型! Loss: 0.061268 (Epoch 133)
[36m(RayTrainWorker pid=3857892)[0m Reporting training result 135: TrainingReport(checkpoint=None, metrics={'loss': 0.06197762370109558, 'epoch': 134, 'iter': 3375}, validation_spec=None)[32m [repeated 7x across cluster][0m
[36m(RayTrainWorker pid=3857892)[0m Reporting training result 136: TrainingReport(checkpoint=None, metrics={'loss': 0.06165948763489723, 'epoch': 135, 'iter': 3400}, validation_spec=None)[32m [repeated 8x across cluster][0m
[36m(RayTrainWorker pid=3857886)[0m Epoch: 135, Iter: 3400, Loss: 0.066774, Avg: 0.062215
[36m(RayTrainWorker pid=3857892)[0m Reporting training result 137: TrainingReport(checkpoint=None, metrics={'loss': 0.06174279436469078, 'epoch': 136, 'iter': 3425}, validation_spec=None)[32m [repeated 8x across cluster][0m
[36m(RayTrainWorker pid=3857892)[0m Reporting training result 138: TrainingReport(checkpoint=None, metrics={'loss': 0.06243725314736366, 'epoch': 137, 'iter': 3450}, validation_spec=None)[32m [repeated 8x across cluster][0m
[36m(RayTrainWorker pid=3857892)[0m Reporting training result 139: TrainingReport(checkpoint=None, metrics={'loss': 0.062420399636030195, 'epoch': 138, 'iter': 3475}, validation_spec=None)[32m [repeated 8x across cluster][0m
[36m(RayTrainWorker pid=3857886)[0m Epoch: 139, Iter: 3500, Loss: 0.060163, Avg: 0.061569
[36m(RayTrainWorker pid=3857888)[0m Reporting training result 139: TrainingReport(checkpoint=None, metrics={'loss': 0.06262858971953392, 'epoch': 138, 'iter': 3475}, validation_spec=None)[32m [repeated 7x across cluster][0m
[36m(RayTrainWorker pid=3857886)[0m Checkpoint successfully created at: Checkpoint(filesystem=local, path=/home/user/demo/review/ray_results/dit_training/checkpoint_2026-01-04_20-12-19.407397)
[36m(RayTrainWorker pid=3857886)[0m Reporting training result 140: TrainingReport(checkpoint=Checkpoint(filesystem=local, path=/home/user/demo/review/ray_results/dit_training/checkpoint_2026-01-04_20-12-19.407397), metrics={'loss': 0.061568994373083115, 'epoch': 139, 'iter': 3500}, validation_spec=None)
[36m(RayTrainWorker pid=3857886)[0m ✓ Checkpoint保存于 Epoch 139
[36m(RayTrainWorker pid=3857892)[0m Reporting training result 141: TrainingReport(checkpoint=None, metrics={'loss': 0.061792367845773695, 'epoch': 140, 'iter': 3525}, validation_spec=None)[32m [repeated 8x across cluster][0m
[36m(RayTrainWorker pid=3857889)[0m Reporting training result 142: TrainingReport(checkpoint=None, metrics={'loss': 0.061436030715703964, 'epoch': 141, 'iter': 3550}, validation_spec=None)[32m [repeated 8x across cluster][0m
[36m(RayTrainWorker pid=3857886)[0m Checkpoint successfully created at: Checkpoint(filesystem=local, path=/home/user/demo/review/ray_results/dit_training/checkpoint_2026-01-04_20-12-45.177536)
[36m(RayTrainWorker pid=3857886)[0m Reporting training result 142: TrainingReport(checkpoint=Checkpoint(filesystem=local, path=/home/user/demo/review/ray_results/dit_training/checkpoint_2026-01-04_20-12-45.177536), metrics={'loss': 0.060788548588752746, 'epoch': 141, 'iter': 3550}, validation_spec=None)
[36m(RayTrainWorker pid=3857886)[0m ✓ 新的最佳模型! Loss: 0.060789 (Epoch 141)
[36m(RayTrainWorker pid=3857892)[0m Reporting training result 143: TrainingReport(checkpoint=None, metrics={'loss': 0.061472927778959276, 'epoch': 142, 'iter': 3575}, validation_spec=None)[32m [repeated 7x across cluster][0m
[36m(RayTrainWorker pid=3857892)[0m Reporting training result 144: TrainingReport(checkpoint=None, metrics={'loss': 0.06162129551172257, 'epoch': 143, 'iter': 3600}, validation_spec=None)[32m [repeated 8x across cluster][0m
[36m(RayTrainWorker pid=3857886)[0m Epoch: 143, Iter: 3600, Loss: 0.059271, Avg: 0.061653
[36m(RayTrainWorker pid=3857892)[0m Reporting training result 145: TrainingReport(checkpoint=None, metrics={'loss': 0.062440678328275684, 'epoch': 144, 'iter': 3625}, validation_spec=None)[32m [repeated 8x across cluster][0m
[36m(RayTrainWorker pid=3857892)[0m Reporting training result 146: TrainingReport(checkpoint=None, metrics={'loss': 0.06142441689968109, 'epoch': 145, 'iter': 3650}, validation_spec=None)[32m [repeated 8x across cluster][0m
[36m(RayTrainWorker pid=3857892)[0m Reporting training result 147: TrainingReport(checkpoint=None, metrics={'loss': 0.06133669048547745, 'epoch': 146, 'iter': 3675}, validation_spec=None)[32m [repeated 8x across cluster][0m
[36m(RayTrainWorker pid=3857886)[0m Checkpoint successfully created at: Checkpoint(filesystem=local, path=/home/user/demo/review/ray_results/dit_training/checkpoint_2026-01-04_20-13-48.858122)
[36m(RayTrainWorker pid=3857886)[0m Reporting training result 147: TrainingReport(checkpoint=Checkpoint(filesystem=local, path=/home/user/demo/review/ray_results/dit_training/checkpoint_2026-01-04_20-13-48.858122), metrics={'loss': 0.060373385846614835, 'epoch': 146, 'iter': 3675}, validation_spec=None)
[36m(RayTrainWorker pid=3857886)[0m ✓ 新的最佳模型! Loss: 0.060373 (Epoch 146)
[36m(RayTrainWorker pid=3857892)[0m Reporting training result 148: TrainingReport(checkpoint=None, metrics={'loss': 0.06193109422922134, 'epoch': 147, 'iter': 3700}, validation_spec=None)[32m [repeated 7x across cluster][0m
[36m(RayTrainWorker pid=3857886)[0m Epoch: 147, Iter: 3700, Loss: 0.058560, Avg: 0.061170
[36m(RayTrainWorker pid=3857892)[0m Reporting training result 149: TrainingReport(checkpoint=None, metrics={'loss': 0.061179332286119464, 'epoch': 148, 'iter': 3725}, validation_spec=None)[32m [repeated 8x across cluster][0m
[36m(RayTrainWorker pid=3857886)[0m Checkpoint successfully created at: Checkpoint(filesystem=local, path=/home/user/demo/review/ray_results/dit_training/checkpoint_2026-01-04_20-14-14.658580)
[36m(RayTrainWorker pid=3857886)[0m Reporting training result 149: TrainingReport(checkpoint=Checkpoint(filesystem=local, path=/home/user/demo/review/ray_results/dit_training/checkpoint_2026-01-04_20-14-14.658580), metrics={'loss': 0.059704199731349945, 'epoch': 148, 'iter': 3725}, validation_spec=None)
[36m(RayTrainWorker pid=3857886)[0m ✓ 新的最佳模型! Loss: 0.059704 (Epoch 148)
[36m(RayTrainWorker pid=3857892)[0m Reporting training result 150: TrainingReport(checkpoint=None, metrics={'loss': 0.06048921257257461, 'epoch': 149, 'iter': 3750}, validation_spec=None)[32m [repeated 7x across cluster][0m
[36m(RayTrainWorker pid=3857892)[0m Reporting training result 151: TrainingReport(checkpoint=None, metrics={'loss': 0.061008017659187314, 'epoch': 150, 'iter': 3775}, validation_spec=None)[32m [repeated 8x across cluster][0m
[36m(RayTrainWorker pid=3857892)[0m Reporting training result 152: TrainingReport(checkpoint=None, metrics={'loss': 0.0604529096186161, 'epoch': 151, 'iter': 3800}, validation_spec=None)[32m [repeated 8x across cluster][0m
[36m(RayTrainWorker pid=3857886)[0m Epoch: 151, Iter: 3800, Loss: 0.060841, Avg: 0.060140
[36m(RayTrainWorker pid=3857892)[0m Reporting training result 153: TrainingReport(checkpoint=None, metrics={'loss': 0.060851364731788635, 'epoch': 152, 'iter': 3825}, validation_spec=None)[32m [repeated 8x across cluster][0m
[36m(RayTrainWorker pid=3857892)[0m Reporting training result 154: TrainingReport(checkpoint=None, metrics={'loss': 0.060828532725572586, 'epoch': 153, 'iter': 3850}, validation_spec=None)[32m [repeated 8x across cluster][0m
[36m(RayTrainWorker pid=3857892)[0m Reporting training result 155: TrainingReport(checkpoint=None, metrics={'loss': 0.06037362918257713, 'epoch': 154, 'iter': 3875}, validation_spec=None)[32m [repeated 8x across cluster][0m
[36m(RayTrainWorker pid=3857892)[0m Reporting training result 156: TrainingReport(checkpoint=None, metrics={'loss': 0.05901172757148743, 'epoch': 155, 'iter': 3900}, validation_spec=None)[32m [repeated 8x across cluster][0m
[36m(RayTrainWorker pid=3857886)[0m Epoch: 155, Iter: 3900, Loss: 0.065973, Avg: 0.060290
[36m(RayTrainWorker pid=3857892)[0m Reporting training result 157: TrainingReport(checkpoint=None, metrics={'loss': 0.06047045081853866, 'epoch': 156, 'iter': 3925}, validation_spec=None)[32m [repeated 8x across cluster][0m
[36m(RayTrainWorker pid=3857892)[0m Reporting training result 158: TrainingReport(checkpoint=None, metrics={'loss': 0.06116787776350975, 'epoch': 157, 'iter': 3950}, validation_spec=None)[32m [repeated 8x across cluster][0m
[36m(RayTrainWorker pid=3857892)[0m Reporting training result 159: TrainingReport(checkpoint=None, metrics={'loss': 0.06077605128288269, 'epoch': 158, 'iter': 3975}, validation_spec=None)[32m [repeated 8x across cluster][0m
[36m(RayTrainWorker pid=3857886)[0m Epoch: 159, Iter: 4000, Loss: 0.060580, Avg: 0.060460
[36m(RayTrainWorker pid=3857888)[0m Reporting training result 159: TrainingReport(checkpoint=None, metrics={'loss': 0.060434949547052384, 'epoch': 158, 'iter': 3975}, validation_spec=None)[32m [repeated 7x across cluster][0m
[36m(RayTrainWorker pid=3857886)[0m Checkpoint successfully created at: Checkpoint(filesystem=local, path=/home/user/demo/review/ray_results/dit_training/checkpoint_2026-01-04_20-16-34.293580)
[36m(RayTrainWorker pid=3857886)[0m Reporting training result 160: TrainingReport(checkpoint=Checkpoint(filesystem=local, path=/home/user/demo/review/ray_results/dit_training/checkpoint_2026-01-04_20-16-34.293580), metrics={'loss': 0.06045981824398041, 'epoch': 159, 'iter': 4000}, validation_spec=None)
[36m(RayTrainWorker pid=3857886)[0m ✓ Checkpoint保存于 Epoch 159
[36m(RayTrainWorker pid=3857892)[0m Reporting training result 161: TrainingReport(checkpoint=None, metrics={'loss': 0.06059220179915428, 'epoch': 160, 'iter': 4025}, validation_spec=None)[32m [repeated 8x across cluster][0m
[36m(RayTrainWorker pid=3857892)[0m Reporting training result 162: TrainingReport(checkpoint=None, metrics={'loss': 0.060210965275764465, 'epoch': 161, 'iter': 4050}, validation_spec=None)[32m [repeated 8x across cluster][0m
[36m(RayTrainWorker pid=3857892)[0m Reporting training result 163: TrainingReport(checkpoint=None, metrics={'loss': 0.060142785012722015, 'epoch': 162, 'iter': 4075}, validation_spec=None)[32m [repeated 8x across cluster][0m
[36m(RayTrainWorker pid=3857886)[0m Checkpoint successfully created at: Checkpoint(filesystem=local, path=/home/user/demo/review/ray_results/dit_training/checkpoint_2026-01-04_20-17-12.767588)
[36m(RayTrainWorker pid=3857886)[0m Reporting training result 163: TrainingReport(checkpoint=Checkpoint(filesystem=local, path=/home/user/demo/review/ray_results/dit_training/checkpoint_2026-01-04_20-17-12.767588), metrics={'loss': 0.059372785836458206, 'epoch': 162, 'iter': 4075}, validation_spec=None)
[36m(RayTrainWorker pid=3857886)[0m ✓ 新的最佳模型! Loss: 0.059373 (Epoch 162)
[36m(RayTrainWorker pid=3857892)[0m Reporting training result 164: TrainingReport(checkpoint=None, metrics={'loss': 0.05926255479454994, 'epoch': 163, 'iter': 4100}, validation_spec=None)[32m [repeated 7x across cluster][0m
[36m(RayTrainWorker pid=3857886)[0m Epoch: 163, Iter: 4100, Loss: 0.060522, Avg: 0.059468
[36m(RayTrainWorker pid=3857892)[0m Reporting training result 165: TrainingReport(checkpoint=None, metrics={'loss': 0.058904458433389664, 'epoch': 164, 'iter': 4125}, validation_spec=None)[32m [repeated 8x across cluster][0m
[36m(RayTrainWorker pid=3857892)[0m Reporting training result 166: TrainingReport(checkpoint=None, metrics={'loss': 0.05923630312085151, 'epoch': 165, 'iter': 4150}, validation_spec=None)[32m [repeated 8x across cluster][0m
[36m(RayTrainWorker pid=3857892)[0m Reporting training result 167: TrainingReport(checkpoint=None, metrics={'loss': 0.06057836413383484, 'epoch': 166, 'iter': 4175}, validation_spec=None)[32m [repeated 8x across cluster][0m
[36m(RayTrainWorker pid=3857892)[0m Reporting training result 168: TrainingReport(checkpoint=None, metrics={'loss': 0.06016009539365769, 'epoch': 167, 'iter': 4200}, validation_spec=None)[32m [repeated 8x across cluster][0m
[36m(RayTrainWorker pid=3857886)[0m Epoch: 167, Iter: 4200, Loss: 0.062398, Avg: 0.060531
[36m(RayTrainWorker pid=3857892)[0m Reporting training result 169: TrainingReport(checkpoint=None, metrics={'loss': 0.060207683593034744, 'epoch': 168, 'iter': 4225}, validation_spec=None)[32m [repeated 8x across cluster][0m
[36m(RayTrainWorker pid=3857892)[0m Reporting training result 170: TrainingReport(checkpoint=None, metrics={'loss': 0.060002663135528565, 'epoch': 169, 'iter': 4250}, validation_spec=None)[32m [repeated 8x across cluster][0m
[36m(RayTrainWorker pid=3857892)[0m Reporting training result 171: TrainingReport(checkpoint=None, metrics={'loss': 0.06052463784813881, 'epoch': 170, 'iter': 4275}, validation_spec=None)[32m [repeated 8x across cluster][0m
[36m(RayTrainWorker pid=3857886)[0m Epoch: 171, Iter: 4300, Loss: 0.053675, Avg: 0.058622
[36m(RayTrainWorker pid=3857888)[0m Reporting training result 171: TrainingReport(checkpoint=None, metrics={'loss': 0.05967341184616089, 'epoch': 170, 'iter': 4275}, validation_spec=None)[32m [repeated 7x across cluster][0m
[36m(RayTrainWorker pid=3857886)[0m Checkpoint successfully created at: Checkpoint(filesystem=local, path=/home/user/demo/review/ray_results/dit_training/checkpoint_2026-01-04_20-19-07.314538)
[36m(RayTrainWorker pid=3857886)[0m Reporting training result 172: TrainingReport(checkpoint=Checkpoint(filesystem=local, path=/home/user/demo/review/ray_results/dit_training/checkpoint_2026-01-04_20-19-07.314538), metrics={'loss': 0.058621991127729416, 'epoch': 171, 'iter': 4300}, validation_spec=None)
[36m(RayTrainWorker pid=3857886)[0m ✓ 新的最佳模型! Loss: 0.058622 (Epoch 171)
[36m(RayTrainWorker pid=3857892)[0m Reporting training result 173: TrainingReport(checkpoint=None, metrics={'loss': 0.05890084952116013, 'epoch': 172, 'iter': 4325}, validation_spec=None)[32m [repeated 8x across cluster][0m
[36m(RayTrainWorker pid=3857892)[0m Reporting training result 174: TrainingReport(checkpoint=None, metrics={'loss': 0.059753046333789826, 'epoch': 173, 'iter': 4350}, validation_spec=None)[32m [repeated 8x across cluster][0m
[36m(RayTrainWorker pid=3857892)[0m Reporting training result 175: TrainingReport(checkpoint=None, metrics={'loss': 0.059763346314430234, 'epoch': 174, 'iter': 4375}, validation_spec=None)[32m [repeated 8x across cluster][0m
[36m(RayTrainWorker pid=3857886)[0m Epoch: 175, Iter: 4400, Loss: 0.060294, Avg: 0.058403
[36m(RayTrainWorker pid=3857888)[0m Reporting training result 175: TrainingReport(checkpoint=None, metrics={'loss': 0.0589792612195015, 'epoch': 174, 'iter': 4375}, validation_spec=None)[32m [repeated 7x across cluster][0m
[36m(RayTrainWorker pid=3857886)[0m Checkpoint successfully created at: Checkpoint(filesystem=local, path=/home/user/demo/review/ray_results/dit_training/checkpoint_2026-01-04_20-19-58.450048)
[36m(RayTrainWorker pid=3857886)[0m Reporting training result 176: TrainingReport(checkpoint=Checkpoint(filesystem=local, path=/home/user/demo/review/ray_results/dit_training/checkpoint_2026-01-04_20-19-58.450048), metrics={'loss': 0.05840272560715675, 'epoch': 175, 'iter': 4400}, validation_spec=None)
[36m(RayTrainWorker pid=3857886)[0m ✓ 新的最佳模型! Loss: 0.058403 (Epoch 175)
[36m(RayTrainWorker pid=3857892)[0m Reporting training result 177: TrainingReport(checkpoint=None, metrics={'loss': 0.05887846276164055, 'epoch': 176, 'iter': 4425}, validation_spec=None)[32m [repeated 8x across cluster][0m
[36m(RayTrainWorker pid=3857892)[0m Reporting training result 178: TrainingReport(checkpoint=None, metrics={'loss': 0.059131369739770887, 'epoch': 177, 'iter': 4450}, validation_spec=None)[32m [repeated 8x across cluster][0m
[36m(RayTrainWorker pid=3857886)[0m Checkpoint successfully created at: Checkpoint(filesystem=local, path=/home/user/demo/review/ray_results/dit_training/checkpoint_2026-01-04_20-20-24.233037)
[36m(RayTrainWorker pid=3857886)[0m Reporting training result 178: TrainingReport(checkpoint=Checkpoint(filesystem=local, path=/home/user/demo/review/ray_results/dit_training/checkpoint_2026-01-04_20-20-24.233037), metrics={'loss': 0.05838915884494782, 'epoch': 177, 'iter': 4450}, validation_spec=None)
[36m(RayTrainWorker pid=3857886)[0m ✓ 新的最佳模型! Loss: 0.058389 (Epoch 177)
[36m(RayTrainWorker pid=3857892)[0m Reporting training result 179: TrainingReport(checkpoint=None, metrics={'loss': 0.05749463647603989, 'epoch': 178, 'iter': 4475}, validation_spec=None)[32m [repeated 7x across cluster][0m
[36m(RayTrainWorker pid=3857886)[0m Checkpoint successfully created at: Checkpoint(filesystem=local, path=/home/user/demo/review/ray_results/dit_training/checkpoint_2026-01-04_20-20-37.369895)
[36m(RayTrainWorker pid=3857886)[0m Reporting training result 179: TrainingReport(checkpoint=Checkpoint(filesystem=local, path=/home/user/demo/review/ray_results/dit_training/checkpoint_2026-01-04_20-20-37.369895), metrics={'loss': 0.05832148343324661, 'epoch': 178, 'iter': 4475}, validation_spec=None)
[36m(RayTrainWorker pid=3857886)[0m ✓ 新的最佳模型! Loss: 0.058321 (Epoch 178)
[36m(RayTrainWorker pid=3857886)[0m Epoch: 179, Iter: 4500, Loss: 0.054177, Avg: 0.057257
[36m(RayTrainWorker pid=3857888)[0m Reporting training result 179: TrainingReport(checkpoint=None, metrics={'loss': 0.057924778312444684, 'epoch': 178, 'iter': 4475}, validation_spec=None)[32m [repeated 6x across cluster][0m
[36m(RayTrainWorker pid=3857886)[0m Checkpoint successfully created at: Checkpoint(filesystem=local, path=/home/user/demo/review/ray_results/dit_training/checkpoint_2026-01-04_20-20-50.513057)
[36m(RayTrainWorker pid=3857886)[0m Reporting training result 180: TrainingReport(checkpoint=Checkpoint(filesystem=local, path=/home/user/demo/review/ray_results/dit_training/checkpoint_2026-01-04_20-20-50.513057), metrics={'loss': 0.05725681811571121, 'epoch': 179, 'iter': 4500}, validation_spec=None)
[36m(RayTrainWorker pid=3857886)[0m ✓ 新的最佳模型! Loss: 0.057257 (Epoch 179)
[36m(RayTrainWorker pid=3857892)[0m Reporting training result 181: TrainingReport(checkpoint=None, metrics={'loss': 0.057097384929656984, 'epoch': 180, 'iter': 4525}, validation_spec=None)[32m [repeated 8x across cluster][0m
[36m(RayTrainWorker pid=3857892)[0m Reporting training result 182: TrainingReport(checkpoint=None, metrics={'loss': 0.05812845110893249, 'epoch': 181, 'iter': 4550}, validation_spec=None)[32m [repeated 8x across cluster][0m
[36m(RayTrainWorker pid=3857892)[0m Reporting training result 183: TrainingReport(checkpoint=None, metrics={'loss': 0.05810340240597725, 'epoch': 182, 'iter': 4575}, validation_spec=None)[32m [repeated 8x across cluster][0m
[36m(RayTrainWorker pid=3857892)[0m Reporting training result 184: TrainingReport(checkpoint=None, metrics={'loss': 0.05755038991570473, 'epoch': 183, 'iter': 4600}, validation_spec=None)[32m [repeated 8x across cluster][0m
[36m(RayTrainWorker pid=3857886)[0m Epoch: 183, Iter: 4600, Loss: 0.057291, Avg: 0.058209
[36m(RayTrainWorker pid=3857892)[0m Reporting training result 185: TrainingReport(checkpoint=None, metrics={'loss': 0.05737593173980713, 'epoch': 184, 'iter': 4625}, validation_spec=None)[32m [repeated 8x across cluster][0m
[36m(RayTrainWorker pid=3857892)[0m Reporting training result 186: TrainingReport(checkpoint=None, metrics={'loss': 0.056551122069358827, 'epoch': 185, 'iter': 4650}, validation_spec=None)[32m [repeated 8x across cluster][0m
[36m(RayTrainWorker pid=3857892)[0m Reporting training result 187: TrainingReport(checkpoint=None, metrics={'loss': 0.05850814715027809, 'epoch': 186, 'iter': 4675}, validation_spec=None)[32m [repeated 8x across cluster][0m
[36m(RayTrainWorker pid=3857892)[0m Reporting training result 188: TrainingReport(checkpoint=None, metrics={'loss': 0.05905939906835556, 'epoch': 187, 'iter': 4700}, validation_spec=None)[32m [repeated 8x across cluster][0m
[36m(RayTrainWorker pid=3857886)[0m Epoch: 187, Iter: 4700, Loss: 0.058859, Avg: 0.059696
[36m(RayTrainWorker pid=3857892)[0m Reporting training result 189: TrainingReport(checkpoint=None, metrics={'loss': 0.059138195663690565, 'epoch': 188, 'iter': 4725}, validation_spec=None)[32m [repeated 8x across cluster][0m
[36m(RayTrainWorker pid=3857892)[0m Reporting training result 190: TrainingReport(checkpoint=None, metrics={'loss': 0.05711298808455467, 'epoch': 189, 'iter': 4750}, validation_spec=None)[32m [repeated 8x across cluster][0m
[36m(RayTrainWorker pid=3857892)[0m Reporting training result 191: TrainingReport(checkpoint=None, metrics={'loss': 0.058005952090024945, 'epoch': 190, 'iter': 4775}, validation_spec=None)[32m [repeated 8x across cluster][0m
[36m(RayTrainWorker pid=3857886)[0m Checkpoint successfully created at: Checkpoint(filesystem=local, path=/home/user/demo/review/ray_results/dit_training/checkpoint_2026-01-04_20-23-10.383856)
[36m(RayTrainWorker pid=3857886)[0m Reporting training result 191: TrainingReport(checkpoint=Checkpoint(filesystem=local, path=/home/user/demo/review/ray_results/dit_training/checkpoint_2026-01-04_20-23-10.383856), metrics={'loss': 0.056907564997673035, 'epoch': 190, 'iter': 4775}, validation_spec=None)
[36m(RayTrainWorker pid=3857886)[0m ✓ 新的最佳模型! Loss: 0.056908 (Epoch 190)
[36m(RayTrainWorker pid=3857892)[0m Reporting training result 192: TrainingReport(checkpoint=None, metrics={'loss': 0.055967141538858414, 'epoch': 191, 'iter': 4800}, validation_spec=None)[32m [repeated 7x across cluster][0m
[36m(RayTrainWorker pid=3857886)[0m Epoch: 191, Iter: 4800, Loss: 0.055563, Avg: 0.057224
[36m(RayTrainWorker pid=3857892)[0m Reporting training result 193: TrainingReport(checkpoint=None, metrics={'loss': 0.057571412920951845, 'epoch': 192, 'iter': 4825}, validation_spec=None)[32m [repeated 8x across cluster][0m
[36m(RayTrainWorker pid=3857886)[0m Checkpoint successfully created at: Checkpoint(filesystem=local, path=/home/user/demo/review/ray_results/dit_training/checkpoint_2026-01-04_20-23-36.227944)
[36m(RayTrainWorker pid=3857886)[0m Reporting training result 193: TrainingReport(checkpoint=Checkpoint(filesystem=local, path=/home/user/demo/review/ray_results/dit_training/checkpoint_2026-01-04_20-23-36.227944), metrics={'loss': 0.05689891323447228, 'epoch': 192, 'iter': 4825}, validation_spec=None)
[36m(RayTrainWorker pid=3857886)[0m ✓ 新的最佳模型! Loss: 0.056899 (Epoch 192)
[36m(RayTrainWorker pid=3857892)[0m Reporting training result 194: TrainingReport(checkpoint=None, metrics={'loss': 0.05720884650945664, 'epoch': 193, 'iter': 4850}, validation_spec=None)[32m [repeated 7x across cluster][0m
[36m(RayTrainWorker pid=3857892)[0m Reporting training result 195: TrainingReport(checkpoint=None, metrics={'loss': 0.056063900142908095, 'epoch': 194, 'iter': 4875}, validation_spec=None)[32m [repeated 8x across cluster][0m
[36m(RayTrainWorker pid=3857892)[0m Reporting training result 196: TrainingReport(checkpoint=None, metrics={'loss': 0.05789404988288879, 'epoch': 195, 'iter': 4900}, validation_spec=None)[32m [repeated 8x across cluster][0m
[36m(RayTrainWorker pid=3857886)[0m Epoch: 195, Iter: 4900, Loss: 0.058108, Avg: 0.056980
[36m(RayTrainWorker pid=3857892)[0m Reporting training result 197: TrainingReport(checkpoint=None, metrics={'loss': 0.055642601549625394, 'epoch': 196, 'iter': 4925}, validation_spec=None)[32m [repeated 8x across cluster][0m
[36m(RayTrainWorker pid=3857886)[0m Checkpoint successfully created at: Checkpoint(filesystem=local, path=/home/user/demo/review/ray_results/dit_training/checkpoint_2026-01-04_20-24-27.365210)
[36m(RayTrainWorker pid=3857886)[0m Reporting training result 197: TrainingReport(checkpoint=Checkpoint(filesystem=local, path=/home/user/demo/review/ray_results/dit_training/checkpoint_2026-01-04_20-24-27.365210), metrics={'loss': 0.05594272643327713, 'epoch': 196, 'iter': 4925}, validation_spec=None)
[36m(RayTrainWorker pid=3857886)[0m ✓ 新的最佳模型! Loss: 0.055943 (Epoch 196)
[36m(RayTrainWorker pid=3857892)[0m Reporting training result 198: TrainingReport(checkpoint=None, metrics={'loss': 0.05622446611523628, 'epoch': 197, 'iter': 4950}, validation_spec=None)[32m [repeated 7x across cluster][0m
[36m(RayTrainWorker pid=3857892)[0m Reporting training result 199: TrainingReport(checkpoint=None, metrics={'loss': 0.055580141991376876, 'epoch': 198, 'iter': 4975}, validation_spec=None)[32m [repeated 8x across cluster][0m
[36m(RayTrainWorker pid=3857886)[0m Checkpoint successfully created at: Checkpoint(filesystem=local, path=/home/user/demo/review/ray_results/dit_training/checkpoint_2026-01-04_20-24-53.243541)
[36m(RayTrainWorker pid=3857886)[0m Reporting training result 199: TrainingReport(checkpoint=Checkpoint(filesystem=local, path=/home/user/demo/review/ray_results/dit_training/checkpoint_2026-01-04_20-24-53.243541), metrics={'loss': 0.05458946868777275, 'epoch': 198, 'iter': 4975}, validation_spec=None)
[36m(RayTrainWorker pid=3857886)[0m ✓ 新的最佳模型! Loss: 0.054589 (Epoch 198)
[36m(RayTrainWorker pid=3857886)[0m Epoch: 199, Iter: 5000, Loss: 0.053740, Avg: 0.055981
[36m(RayTrainWorker pid=3857888)[0m Reporting training result 199: TrainingReport(checkpoint=None, metrics={'loss': 0.055784477144479754, 'epoch': 198, 'iter': 4975}, validation_spec=None)[32m [repeated 6x across cluster][0m
[36m(RayTrainWorker pid=3857886)[0m Checkpoint successfully created at: Checkpoint(filesystem=local, path=/home/user/demo/review/ray_results/dit_training/checkpoint_2026-01-04_20-25-06.407122)
[36m(RayTrainWorker pid=3857886)[0m Reporting training result 200: TrainingReport(checkpoint=Checkpoint(filesystem=local, path=/home/user/demo/review/ray_results/dit_training/checkpoint_2026-01-04_20-25-06.407122), metrics={'loss': 0.055980805307626724, 'epoch': 199, 'iter': 5000}, validation_spec=None)
[36m(RayTrainWorker pid=3857886)[0m ✓ Checkpoint保存于 Epoch 199
[36m(RayTrainWorker pid=3857892)[0m Reporting training result 201: TrainingReport(checkpoint=None, metrics={'loss': 0.05644166097044945, 'epoch': 200, 'iter': 5025}, validation_spec=None)[32m [repeated 8x across cluster][0m
[36m(RayTrainWorker pid=3857892)[0m Reporting training result 202: TrainingReport(checkpoint=None, metrics={'loss': 0.05576442256569862, 'epoch': 201, 'iter': 5050}, validation_spec=None)[32m [repeated 8x across cluster][0m
[36m(RayTrainWorker pid=3857892)[0m Reporting training result 203: TrainingReport(checkpoint=None, metrics={'loss': 0.05515740409493446, 'epoch': 202, 'iter': 5075}, validation_spec=None)[32m [repeated 8x across cluster][0m
[36m(RayTrainWorker pid=3857892)[0m Reporting training result 204: TrainingReport(checkpoint=None, metrics={'loss': 0.05502014428377151, 'epoch': 203, 'iter': 5100}, validation_spec=None)[32m [repeated 8x across cluster][0m
[36m(RayTrainWorker pid=3857886)[0m Epoch: 203, Iter: 5100, Loss: 0.056008, Avg: 0.055941
[36m(RayTrainWorker pid=3857892)[0m Reporting training result 205: TrainingReport(checkpoint=None, metrics={'loss': 0.05491263285279274, 'epoch': 204, 'iter': 5125}, validation_spec=None)[32m [repeated 8x across cluster][0m
[36m(RayTrainWorker pid=3857892)[0m Reporting training result 206: TrainingReport(checkpoint=None, metrics={'loss': 0.05521950289607048, 'epoch': 205, 'iter': 5150}, validation_spec=None)[32m [repeated 8x across cluster][0m
[36m(RayTrainWorker pid=3857892)[0m Reporting training result 207: TrainingReport(checkpoint=None, metrics={'loss': 0.05527773901820183, 'epoch': 206, 'iter': 5175}, validation_spec=None)[32m [repeated 8x across cluster][0m
[36m(RayTrainWorker pid=3857892)[0m Reporting training result 208: TrainingReport(checkpoint=None, metrics={'loss': 0.055486742854118344, 'epoch': 207, 'iter': 5200}, validation_spec=None)[32m [repeated 8x across cluster][0m
[36m(RayTrainWorker pid=3857886)[0m Epoch: 207, Iter: 5200, Loss: 0.056443, Avg: 0.056051
[36m(RayTrainWorker pid=3857892)[0m Reporting training result 209: TrainingReport(checkpoint=None, metrics={'loss': 0.05688850402832031, 'epoch': 208, 'iter': 5225}, validation_spec=None)[32m [repeated 8x across cluster][0m
[36m(RayTrainWorker pid=3857892)[0m Reporting training result 210: TrainingReport(checkpoint=None, metrics={'loss': 0.05715352863073349, 'epoch': 209, 'iter': 5250}, validation_spec=None)[32m [repeated 8x across cluster][0m
[36m(RayTrainWorker pid=3857892)[0m Reporting training result 211: TrainingReport(checkpoint=None, metrics={'loss': 0.057526143789291384, 'epoch': 210, 'iter': 5275}, validation_spec=None)[32m [repeated 8x across cluster][0m
[36m(RayTrainWorker pid=3857892)[0m Reporting training result 212: TrainingReport(checkpoint=None, metrics={'loss': 0.05669583961367607, 'epoch': 211, 'iter': 5300}, validation_spec=None)[32m [repeated 8x across cluster][0m
[36m(RayTrainWorker pid=3857886)[0m Epoch: 211, Iter: 5300, Loss: 0.057829, Avg: 0.056434
[36m(RayTrainWorker pid=3857892)[0m Reporting training result 213: TrainingReport(checkpoint=None, metrics={'loss': 0.0549085758626461, 'epoch': 212, 'iter': 5325}, validation_spec=None)[32m [repeated 8x across cluster][0m
[36m(RayTrainWorker pid=3857892)[0m Reporting training result 214: TrainingReport(checkpoint=None, metrics={'loss': 0.05455930575728416, 'epoch': 213, 'iter': 5350}, validation_spec=None)[32m [repeated 8x across cluster][0m
[36m(RayTrainWorker pid=3857886)[0m Checkpoint successfully created at: Checkpoint(filesystem=local, path=/home/user/demo/review/ray_results/dit_training/checkpoint_2026-01-04_20-28-04.527221)
[36m(RayTrainWorker pid=3857886)[0m Reporting training result 214: TrainingReport(checkpoint=Checkpoint(filesystem=local, path=/home/user/demo/review/ray_results/dit_training/checkpoint_2026-01-04_20-28-04.527221), metrics={'loss': 0.05428633436560631, 'epoch': 213, 'iter': 5350}, validation_spec=None)
[36m(RayTrainWorker pid=3857886)[0m ✓ 新的最佳模型! Loss: 0.054286 (Epoch 213)
[36m(RayTrainWorker pid=3857892)[0m Reporting training result 215: TrainingReport(checkpoint=None, metrics={'loss': 0.0547459951043129, 'epoch': 214, 'iter': 5375}, validation_spec=None)[32m [repeated 7x across cluster][0m
[36m(RayTrainWorker pid=3857892)[0m Reporting training result 216: TrainingReport(checkpoint=None, metrics={'loss': 0.05457534372806549, 'epoch': 215, 'iter': 5400}, validation_spec=None)[32m [repeated 8x across cluster][0m
[36m(RayTrainWorker pid=3857886)[0m Epoch: 215, Iter: 5400, Loss: 0.056763, Avg: 0.055374
[36m(RayTrainWorker pid=3857892)[0m Reporting training result 217: TrainingReport(checkpoint=None, metrics={'loss': 0.05314810648560524, 'epoch': 216, 'iter': 5425}, validation_spec=None)[32m [repeated 8x across cluster][0m
[36m(RayTrainWorker pid=3857892)[0m Reporting training result 218: TrainingReport(checkpoint=None, metrics={'loss': 0.05487633585929871, 'epoch': 217, 'iter': 5450}, validation_spec=None)[32m [repeated 8x across cluster][0m
[36m(RayTrainWorker pid=3857892)[0m Reporting training result 219: TrainingReport(checkpoint=None, metrics={'loss': 0.05369734153151512, 'epoch': 218, 'iter': 5475}, validation_spec=None)[32m [repeated 8x across cluster][0m
[36m(RayTrainWorker pid=3857886)[0m Epoch: 219, Iter: 5500, Loss: 0.055485, Avg: 0.055521
[36m(RayTrainWorker pid=3857888)[0m Reporting training result 219: TrainingReport(checkpoint=None, metrics={'loss': 0.05265109151601791, 'epoch': 218, 'iter': 5475}, validation_spec=None)[32m [repeated 7x across cluster][0m
[36m(RayTrainWorker pid=3857886)[0m Checkpoint successfully created at: Checkpoint(filesystem=local, path=/home/user/demo/review/ray_results/dit_training/checkpoint_2026-01-04_20-29-21.488895)
[36m(RayTrainWorker pid=3857886)[0m Reporting training result 220: TrainingReport(checkpoint=Checkpoint(filesystem=local, path=/home/user/demo/review/ray_results/dit_training/checkpoint_2026-01-04_20-29-21.488895), metrics={'loss': 0.05552128627896309, 'epoch': 219, 'iter': 5500}, validation_spec=None)
[36m(RayTrainWorker pid=3857886)[0m ✓ Checkpoint保存于 Epoch 219
[36m(RayTrainWorker pid=3857892)[0m Reporting training result 221: TrainingReport(checkpoint=None, metrics={'loss': 0.054158155918121335, 'epoch': 220, 'iter': 5525}, validation_spec=None)[32m [repeated 8x across cluster][0m
[36m(RayTrainWorker pid=3857886)[0m Checkpoint successfully created at: Checkpoint(filesystem=local, path=/home/user/demo/review/ray_results/dit_training/checkpoint_2026-01-04_20-29-34.751719)
[36m(RayTrainWorker pid=3857886)[0m Reporting training result 221: TrainingReport(checkpoint=Checkpoint(filesystem=local, path=/home/user/demo/review/ray_results/dit_training/checkpoint_2026-01-04_20-29-34.751719), metrics={'loss': 0.053969948142766955, 'epoch': 220, 'iter': 5525}, validation_spec=None)
[36m(RayTrainWorker pid=3857886)[0m ✓ 新的最佳模型! Loss: 0.053970 (Epoch 220)
[36m(RayTrainWorker pid=3857892)[0m Reporting training result 222: TrainingReport(checkpoint=None, metrics={'loss': 0.05374349370598793, 'epoch': 221, 'iter': 5550}, validation_spec=None)[32m [repeated 7x across cluster][0m
[36m(RayTrainWorker pid=3857886)[0m Checkpoint successfully created at: Checkpoint(filesystem=local, path=/home/user/demo/review/ray_results/dit_training/checkpoint_2026-01-04_20-29-47.936697)
[36m(RayTrainWorker pid=3857886)[0m Reporting training result 222: TrainingReport(checkpoint=Checkpoint(filesystem=local, path=/home/user/demo/review/ray_results/dit_training/checkpoint_2026-01-04_20-29-47.936697), metrics={'loss': 0.05331482857465744, 'epoch': 221, 'iter': 5550}, validation_spec=None)
[36m(RayTrainWorker pid=3857886)[0m ✓ 新的最佳模型! Loss: 0.053315 (Epoch 221)
[36m(RayTrainWorker pid=3857892)[0m Reporting training result 223: TrainingReport(checkpoint=None, metrics={'loss': 0.05628003090620041, 'epoch': 222, 'iter': 5575}, validation_spec=None)[32m [repeated 7x across cluster][0m
[36m(RayTrainWorker pid=3857892)[0m Reporting training result 224: TrainingReport(checkpoint=None, metrics={'loss': 0.0572693233191967, 'epoch': 223, 'iter': 5600}, validation_spec=None)[32m [repeated 8x across cluster][0m
[36m(RayTrainWorker pid=3857886)[0m Epoch: 223, Iter: 5600, Loss: 0.057746, Avg: 0.057845
[36m(RayTrainWorker pid=3857892)[0m Reporting training result 225: TrainingReport(checkpoint=None, metrics={'loss': 0.0537604558467865, 'epoch': 224, 'iter': 5625}, validation_spec=None)[32m [repeated 8x across cluster][0m
[36m(RayTrainWorker pid=3857892)[0m Reporting training result 226: TrainingReport(checkpoint=None, metrics={'loss': 0.053633956462144854, 'epoch': 225, 'iter': 5650}, validation_spec=None)[32m [repeated 8x across cluster][0m
[36m(RayTrainWorker pid=3857886)[0m Checkpoint successfully created at: Checkpoint(filesystem=local, path=/home/user/demo/review/ray_results/dit_training/checkpoint_2026-01-04_20-30-39.047765)
[36m(RayTrainWorker pid=3857886)[0m Reporting training result 226: TrainingReport(checkpoint=Checkpoint(filesystem=local, path=/home/user/demo/review/ray_results/dit_training/checkpoint_2026-01-04_20-30-39.047765), metrics={'loss': 0.05314132109284401, 'epoch': 225, 'iter': 5650}, validation_spec=None)
[36m(RayTrainWorker pid=3857886)[0m ✓ 新的最佳模型! Loss: 0.053141 (Epoch 225)
[36m(RayTrainWorker pid=3857892)[0m Reporting training result 227: TrainingReport(checkpoint=None, metrics={'loss': 0.052491197884082796, 'epoch': 226, 'iter': 5675}, validation_spec=None)[32m [repeated 7x across cluster][0m
[36m(RayTrainWorker pid=3857886)[0m Epoch: 227, Iter: 5700, Loss: 0.052889, Avg: 0.052957
[36m(RayTrainWorker pid=3857888)[0m Reporting training result 227: TrainingReport(checkpoint=None, metrics={'loss': 0.053560062646865844, 'epoch': 226, 'iter': 5675}, validation_spec=None)[32m [repeated 7x across cluster][0m
[36m(RayTrainWorker pid=3857886)[0m Checkpoint successfully created at: Checkpoint(filesystem=local, path=/home/user/demo/review/ray_results/dit_training/checkpoint_2026-01-04_20-31-04.910253)
[36m(RayTrainWorker pid=3857886)[0m Reporting training result 228: TrainingReport(checkpoint=Checkpoint(filesystem=local, path=/home/user/demo/review/ray_results/dit_training/checkpoint_2026-01-04_20-31-04.910253), metrics={'loss': 0.05295672684907913, 'epoch': 227, 'iter': 5700}, validation_spec=None)
[36m(RayTrainWorker pid=3857886)[0m ✓ 新的最佳模型! Loss: 0.052957 (Epoch 227)
[36m(RayTrainWorker pid=3857892)[0m Reporting training result 229: TrainingReport(checkpoint=None, metrics={'loss': 0.054305748343467714, 'epoch': 228, 'iter': 5725}, validation_spec=None)[32m [repeated 8x across cluster][0m
[36m(RayTrainWorker pid=3857892)[0m Reporting training result 230: TrainingReport(checkpoint=None, metrics={'loss': 0.052837901413440705, 'epoch': 229, 'iter': 5750}, validation_spec=None)[32m [repeated 8x across cluster][0m
[36m(RayTrainWorker pid=3857886)[0m Checkpoint successfully created at: Checkpoint(filesystem=local, path=/home/user/demo/review/ray_results/dit_training/checkpoint_2026-01-04_20-31-30.765509)
[36m(RayTrainWorker pid=3857886)[0m Reporting training result 230: TrainingReport(checkpoint=Checkpoint(filesystem=local, path=/home/user/demo/review/ray_results/dit_training/checkpoint_2026-01-04_20-31-30.765509), metrics={'loss': 0.0522112649679184, 'epoch': 229, 'iter': 5750}, validation_spec=None)
[36m(RayTrainWorker pid=3857886)[0m ✓ 新的最佳模型! Loss: 0.052211 (Epoch 229)
[36m(RayTrainWorker pid=3857892)[0m Reporting training result 231: TrainingReport(checkpoint=None, metrics={'loss': 0.05228811100125313, 'epoch': 230, 'iter': 5775}, validation_spec=None)[32m [repeated 7x across cluster][0m
[36m(RayTrainWorker pid=3857892)[0m Reporting training result 232: TrainingReport(checkpoint=None, metrics={'loss': 0.053732548654079434, 'epoch': 231, 'iter': 5800}, validation_spec=None)[32m [repeated 8x across cluster][0m
[36m(RayTrainWorker pid=3857886)[0m Epoch: 231, Iter: 5800, Loss: 0.054899, Avg: 0.052571
[36m(RayTrainWorker pid=3857892)[0m Reporting training result 233: TrainingReport(checkpoint=None, metrics={'loss': 0.05201142385601997, 'epoch': 232, 'iter': 5825}, validation_spec=None)[32m [repeated 8x across cluster][0m
[36m(RayTrainWorker pid=3857892)[0m Reporting training result 234: TrainingReport(checkpoint=None, metrics={'loss': 0.05259538516402244, 'epoch': 233, 'iter': 5850}, validation_spec=None)[32m [repeated 8x across cluster][0m
[36m(RayTrainWorker pid=3857892)[0m Reporting training result 235: TrainingReport(checkpoint=None, metrics={'loss': 0.05199915155768395, 'epoch': 234, 'iter': 5875}, validation_spec=None)[32m [repeated 8x across cluster][0m
[36m(RayTrainWorker pid=3857892)[0m Reporting training result 236: TrainingReport(checkpoint=None, metrics={'loss': 0.05255867093801499, 'epoch': 235, 'iter': 5900}, validation_spec=None)[32m [repeated 8x across cluster][0m
[36m(RayTrainWorker pid=3857886)[0m Epoch: 235, Iter: 5900, Loss: 0.055186, Avg: 0.052596
[36m(RayTrainWorker pid=3857892)[0m Reporting training result 237: TrainingReport(checkpoint=None, metrics={'loss': 0.053580516427755354, 'epoch': 236, 'iter': 5925}, validation_spec=None)[32m [repeated 8x across cluster][0m
[36m(RayTrainWorker pid=3857892)[0m Reporting training result 238: TrainingReport(checkpoint=None, metrics={'loss': 0.053773819506168365, 'epoch': 237, 'iter': 5950}, validation_spec=None)[32m [repeated 8x across cluster][0m
[36m(RayTrainWorker pid=3857892)[0m Reporting training result 239: TrainingReport(checkpoint=None, metrics={'loss': 0.052471919655799865, 'epoch': 238, 'iter': 5975}, validation_spec=None)[32m [repeated 8x across cluster][0m
[36m(RayTrainWorker pid=3857886)[0m Epoch: 239, Iter: 6000, Loss: 0.056810, Avg: 0.052920
[36m(RayTrainWorker pid=3857888)[0m Reporting training result 239: TrainingReport(checkpoint=None, metrics={'loss': 0.05248458817601204, 'epoch': 238, 'iter': 5975}, validation_spec=None)[32m [repeated 7x across cluster][0m
[36m(RayTrainWorker pid=3857886)[0m Checkpoint successfully created at: Checkpoint(filesystem=local, path=/home/user/demo/review/ray_results/dit_training/checkpoint_2026-01-04_20-33-38.212690)
[36m(RayTrainWorker pid=3857886)[0m Reporting training result 240: TrainingReport(checkpoint=Checkpoint(filesystem=local, path=/home/user/demo/review/ray_results/dit_training/checkpoint_2026-01-04_20-33-38.212690), metrics={'loss': 0.05291951566934586, 'epoch': 239, 'iter': 6000}, validation_spec=None)
[36m(RayTrainWorker pid=3857886)[0m ✓ Checkpoint保存于 Epoch 239
[36m(RayTrainWorker pid=3857892)[0m Reporting training result 241: TrainingReport(checkpoint=None, metrics={'loss': 0.05230546519160271, 'epoch': 240, 'iter': 6025}, validation_spec=None)[32m [repeated 8x across cluster][0m
[36m(RayTrainWorker pid=3857892)[0m Reporting training result 242: TrainingReport(checkpoint=None, metrics={'loss': 0.054886423796415326, 'epoch': 241, 'iter': 6050}, validation_spec=None)[32m [repeated 8x across cluster][0m
[36m(RayTrainWorker pid=3857892)[0m Reporting training result 243: TrainingReport(checkpoint=None, metrics={'loss': 0.054428088366985324, 'epoch': 242, 'iter': 6075}, validation_spec=None)[32m [repeated 8x across cluster][0m
[36m(RayTrainWorker pid=3857892)[0m Reporting training result 244: TrainingReport(checkpoint=None, metrics={'loss': 0.055238548070192336, 'epoch': 243, 'iter': 6100}, validation_spec=None)[32m [repeated 8x across cluster][0m
[36m(RayTrainWorker pid=3857886)[0m Epoch: 243, Iter: 6100, Loss: 0.058811, Avg: 0.054426
[36m(RayTrainWorker pid=3857892)[0m Reporting training result 245: TrainingReport(checkpoint=None, metrics={'loss': 0.05572986453771591, 'epoch': 244, 'iter': 6125}, validation_spec=None)[32m [repeated 8x across cluster][0m
[36m(RayTrainWorker pid=3857892)[0m Reporting training result 246: TrainingReport(checkpoint=None, metrics={'loss': 0.05236853763461113, 'epoch': 245, 'iter': 6150}, validation_spec=None)[32m [repeated 8x across cluster][0m
[36m(RayTrainWorker pid=3857892)[0m Reporting training result 247: TrainingReport(checkpoint=None, metrics={'loss': 0.053247874528169634, 'epoch': 246, 'iter': 6175}, validation_spec=None)[32m [repeated 8x across cluster][0m
[36m(RayTrainWorker pid=3857892)[0m Reporting training result 248: TrainingReport(checkpoint=None, metrics={'loss': 0.052412112355232236, 'epoch': 247, 'iter': 6200}, validation_spec=None)[32m [repeated 8x across cluster][0m
[36m(RayTrainWorker pid=3857886)[0m Epoch: 247, Iter: 6200, Loss: 0.052845, Avg: 0.053217
[36m(RayTrainWorker pid=3857892)[0m Reporting training result 249: TrainingReport(checkpoint=None, metrics={'loss': 0.05237671002745628, 'epoch': 248, 'iter': 6225}, validation_spec=None)[32m [repeated 8x across cluster][0m
[36m(RayTrainWorker pid=3857892)[0m Reporting training result 250: TrainingReport(checkpoint=None, metrics={'loss': 0.05336471199989319, 'epoch': 249, 'iter': 6250}, validation_spec=None)[32m [repeated 8x across cluster][0m
[36m(RayTrainWorker pid=3857892)[0m Reporting training result 251: TrainingReport(checkpoint=None, metrics={'loss': 0.05424893975257874, 'epoch': 250, 'iter': 6275}, validation_spec=None)[32m [repeated 8x across cluster][0m
[36m(RayTrainWorker pid=3857892)[0m Reporting training result 252: TrainingReport(checkpoint=None, metrics={'loss': 0.053569571375846864, 'epoch': 251, 'iter': 6300}, validation_spec=None)[32m [repeated 8x across cluster][0m
[36m(RayTrainWorker pid=3857886)[0m Epoch: 251, Iter: 6300, Loss: 0.053060, Avg: 0.053589
[36m(RayTrainWorker pid=3857892)[0m Reporting training result 253: TrainingReport(checkpoint=None, metrics={'loss': 0.05212993443012238, 'epoch': 252, 'iter': 6325}, validation_spec=None)[32m [repeated 8x across cluster][0m
[36m(RayTrainWorker pid=3857892)[0m Reporting training result 254: TrainingReport(checkpoint=None, metrics={'loss': 0.05150258019566536, 'epoch': 253, 'iter': 6350}, validation_spec=None)[32m [repeated 8x across cluster][0m
[36m(RayTrainWorker pid=3857892)[0m Reporting training result 255: TrainingReport(checkpoint=None, metrics={'loss': 0.05323503538966179, 'epoch': 254, 'iter': 6375}, validation_spec=None)[32m [repeated 8x across cluster][0m
[36m(RayTrainWorker pid=3857892)[0m Reporting training result 256: TrainingReport(checkpoint=None, metrics={'loss': 0.0532488252222538, 'epoch': 255, 'iter': 6400}, validation_spec=None)[32m [repeated 8x across cluster][0m
[36m(RayTrainWorker pid=3857886)[0m Epoch: 255, Iter: 6400, Loss: 0.050989, Avg: 0.053273
[36m(RayTrainWorker pid=3857892)[0m Reporting training result 257: TrainingReport(checkpoint=None, metrics={'loss': 0.05175274297595024, 'epoch': 256, 'iter': 6425}, validation_spec=None)[32m [repeated 8x across cluster][0m
[36m(RayTrainWorker pid=3857886)[0m Checkpoint successfully created at: Checkpoint(filesystem=local, path=/home/user/demo/review/ray_results/dit_training/checkpoint_2026-01-04_20-37-14.677349)
[36m(RayTrainWorker pid=3857886)[0m Reporting training result 257: TrainingReport(checkpoint=Checkpoint(filesystem=local, path=/home/user/demo/review/ray_results/dit_training/checkpoint_2026-01-04_20-37-14.677349), metrics={'loss': 0.05186858847737312, 'epoch': 256, 'iter': 6425}, validation_spec=None)
[36m(RayTrainWorker pid=3857886)[0m ✓ 新的最佳模型! Loss: 0.051869 (Epoch 256)
[36m(RayTrainWorker pid=3857892)[0m Reporting training result 258: TrainingReport(checkpoint=None, metrics={'loss': 0.05155132576823235, 'epoch': 257, 'iter': 6450}, validation_spec=None)[32m [repeated 7x across cluster][0m
[36m(RayTrainWorker pid=3857886)[0m Checkpoint successfully created at: Checkpoint(filesystem=local, path=/home/user/demo/review/ray_results/dit_training/checkpoint_2026-01-04_20-37-27.875253)
[36m(RayTrainWorker pid=3857886)[0m Reporting training result 258: TrainingReport(checkpoint=Checkpoint(filesystem=local, path=/home/user/demo/review/ray_results/dit_training/checkpoint_2026-01-04_20-37-27.875253), metrics={'loss': 0.051256706565618516, 'epoch': 257, 'iter': 6450}, validation_spec=None)
[36m(RayTrainWorker pid=3857886)[0m ✓ 新的最佳模型! Loss: 0.051257 (Epoch 257)
[36m(RayTrainWorker pid=3857892)[0m Reporting training result 259: TrainingReport(checkpoint=None, metrics={'loss': 0.05218886628746986, 'epoch': 258, 'iter': 6475}, validation_spec=None)[32m [repeated 7x across cluster][0m
[36m(RayTrainWorker pid=3857886)[0m Checkpoint successfully created at: Checkpoint(filesystem=local, path=/home/user/demo/review/ray_results/dit_training/checkpoint_2026-01-04_20-37-41.074959)
[36m(RayTrainWorker pid=3857886)[0m Reporting training result 259: TrainingReport(checkpoint=Checkpoint(filesystem=local, path=/home/user/demo/review/ray_results/dit_training/checkpoint_2026-01-04_20-37-41.074959), metrics={'loss': 0.050852798223495484, 'epoch': 258, 'iter': 6475}, validation_spec=None)
[36m(RayTrainWorker pid=3857886)[0m ✓ 新的最佳模型! Loss: 0.050853 (Epoch 258)
[36m(RayTrainWorker pid=3857886)[0m Epoch: 259, Iter: 6500, Loss: 0.058043, Avg: 0.050633
[36m(RayTrainWorker pid=3857888)[0m Reporting training result 259: TrainingReport(checkpoint=None, metrics={'loss': 0.051414825916290284, 'epoch': 258, 'iter': 6475}, validation_spec=None)[32m [repeated 6x across cluster][0m
[36m(RayTrainWorker pid=3857886)[0m Checkpoint successfully created at: Checkpoint(filesystem=local, path=/home/user/demo/review/ray_results/dit_training/checkpoint_2026-01-04_20-37-54.260010)
[36m(RayTrainWorker pid=3857886)[0m Reporting training result 260: TrainingReport(checkpoint=Checkpoint(filesystem=local, path=/home/user/demo/review/ray_results/dit_training/checkpoint_2026-01-04_20-37-54.260010), metrics={'loss': 0.050632922500371935, 'epoch': 259, 'iter': 6500}, validation_spec=None)
[36m(RayTrainWorker pid=3857886)[0m ✓ 新的最佳模型! Loss: 0.050633 (Epoch 259)
[36m(RayTrainWorker pid=3857892)[0m Reporting training result 261: TrainingReport(checkpoint=None, metrics={'loss': 0.05075246557593346, 'epoch': 260, 'iter': 6525}, validation_spec=None)[32m [repeated 8x across cluster][0m
[36m(RayTrainWorker pid=3857892)[0m Reporting training result 262: TrainingReport(checkpoint=None, metrics={'loss': 0.049951088726520536, 'epoch': 261, 'iter': 6550}, validation_spec=None)[32m [repeated 8x across cluster][0m
[36m(RayTrainWorker pid=3857886)[0m Checkpoint successfully created at: Checkpoint(filesystem=local, path=/home/user/demo/review/ray_results/dit_training/checkpoint_2026-01-04_20-38-20.159789)
[36m(RayTrainWorker pid=3857886)[0m Reporting training result 262: TrainingReport(checkpoint=Checkpoint(filesystem=local, path=/home/user/demo/review/ray_results/dit_training/checkpoint_2026-01-04_20-38-20.159789), metrics={'loss': 0.05041387751698494, 'epoch': 261, 'iter': 6550}, validation_spec=None)
[36m(RayTrainWorker pid=3857886)[0m ✓ 新的最佳模型! Loss: 0.050414 (Epoch 261)
[36m(RayTrainWorker pid=3857892)[0m Reporting training result 263: TrainingReport(checkpoint=None, metrics={'loss': 0.05241104930639267, 'epoch': 262, 'iter': 6575}, validation_spec=None)[32m [repeated 7x across cluster][0m
[36m(RayTrainWorker pid=3857892)[0m Reporting training result 264: TrainingReport(checkpoint=None, metrics={'loss': 0.05325338751077652, 'epoch': 263, 'iter': 6600}, validation_spec=None)[32m [repeated 8x across cluster][0m
[36m(RayTrainWorker pid=3857886)[0m Epoch: 263, Iter: 6600, Loss: 0.053622, Avg: 0.053328
[36m(RayTrainWorker pid=3857892)[0m Reporting training result 265: TrainingReport(checkpoint=None, metrics={'loss': 0.0525492650270462, 'epoch': 264, 'iter': 6625}, validation_spec=None)[32m [repeated 8x across cluster][0m
[36m(RayTrainWorker pid=3857892)[0m Reporting training result 266: TrainingReport(checkpoint=None, metrics={'loss': 0.053995721340179444, 'epoch': 265, 'iter': 6650}, validation_spec=None)[32m [repeated 8x across cluster][0m
[36m(RayTrainWorker pid=3857892)[0m Reporting training result 267: TrainingReport(checkpoint=None, metrics={'loss': 0.05166635751724243, 'epoch': 266, 'iter': 6675}, validation_spec=None)[32m [repeated 8x across cluster][0m
[36m(RayTrainWorker pid=3857892)[0m Reporting training result 268: TrainingReport(checkpoint=None, metrics={'loss': 0.05187072604894638, 'epoch': 267, 'iter': 6700}, validation_spec=None)[32m [repeated 8x across cluster][0m
[36m(RayTrainWorker pid=3857886)[0m Epoch: 267, Iter: 6700, Loss: 0.049264, Avg: 0.051417
[36m(RayTrainWorker pid=3857892)[0m Reporting training result 269: TrainingReport(checkpoint=None, metrics={'loss': 0.05101102501153946, 'epoch': 268, 'iter': 6725}, validation_spec=None)[32m [repeated 8x across cluster][0m
[36m(RayTrainWorker pid=3857892)[0m Reporting training result 270: TrainingReport(checkpoint=None, metrics={'loss': 0.05143663838505745, 'epoch': 269, 'iter': 6750}, validation_spec=None)[32m [repeated 8x across cluster][0m
[36m(RayTrainWorker pid=3857892)[0m Reporting training result 271: TrainingReport(checkpoint=None, metrics={'loss': 0.05107761338353157, 'epoch': 270, 'iter': 6775}, validation_spec=None)[32m [repeated 8x across cluster][0m
[36m(RayTrainWorker pid=3857892)[0m Reporting training result 272: TrainingReport(checkpoint=None, metrics={'loss': 0.05144035428762436, 'epoch': 271, 'iter': 6800}, validation_spec=None)[32m [repeated 8x across cluster][0m
[36m(RayTrainWorker pid=3857886)[0m Epoch: 271, Iter: 6800, Loss: 0.051192, Avg: 0.051212
[36m(RayTrainWorker pid=3857892)[0m Reporting training result 273: TrainingReport(checkpoint=None, metrics={'loss': 0.05217420101165771, 'epoch': 272, 'iter': 6825}, validation_spec=None)[32m [repeated 8x across cluster][0m
[36m(RayTrainWorker pid=3857892)[0m Reporting training result 274: TrainingReport(checkpoint=None, metrics={'loss': 0.05154867812991142, 'epoch': 273, 'iter': 6850}, validation_spec=None)[32m [repeated 8x across cluster][0m
[36m(RayTrainWorker pid=3857892)[0m Reporting training result 275: TrainingReport(checkpoint=None, metrics={'loss': 0.052019996643066405, 'epoch': 274, 'iter': 6875}, validation_spec=None)[32m [repeated 8x across cluster][0m
[36m(RayTrainWorker pid=3857892)[0m Reporting training result 276: TrainingReport(checkpoint=None, metrics={'loss': 0.052313713431358336, 'epoch': 275, 'iter': 6900}, validation_spec=None)[32m [repeated 8x across cluster][0m
[36m(RayTrainWorker pid=3857886)[0m Epoch: 275, Iter: 6900, Loss: 0.055424, Avg: 0.052774
[36m(RayTrainWorker pid=3857892)[0m Reporting training result 277: TrainingReport(checkpoint=None, metrics={'loss': 0.05294229388237, 'epoch': 276, 'iter': 6925}, validation_spec=None)[32m [repeated 8x across cluster][0m
[36m(RayTrainWorker pid=3857892)[0m Reporting training result 278: TrainingReport(checkpoint=None, metrics={'loss': 0.050480776280164716, 'epoch': 277, 'iter': 6950}, validation_spec=None)[32m [repeated 8x across cluster][0m
[36m(RayTrainWorker pid=3857892)[0m Reporting training result 279: TrainingReport(checkpoint=None, metrics={'loss': 0.05299133896827698, 'epoch': 278, 'iter': 6975}, validation_spec=None)[32m [repeated 8x across cluster][0m
[36m(RayTrainWorker pid=3857886)[0m Epoch: 279, Iter: 7000, Loss: 0.056689, Avg: 0.053096
[36m(RayTrainWorker pid=3857888)[0m Reporting training result 279: TrainingReport(checkpoint=None, metrics={'loss': 0.05265748471021652, 'epoch': 278, 'iter': 6975}, validation_spec=None)[32m [repeated 7x across cluster][0m
[36m(RayTrainWorker pid=3857886)[0m Checkpoint successfully created at: Checkpoint(filesystem=local, path=/home/user/demo/review/ray_results/dit_training/checkpoint_2026-01-04_20-42-09.567782)
[36m(RayTrainWorker pid=3857886)[0m Reporting training result 280: TrainingReport(checkpoint=Checkpoint(filesystem=local, path=/home/user/demo/review/ray_results/dit_training/checkpoint_2026-01-04_20-42-09.567782), metrics={'loss': 0.053096395283937455, 'epoch': 279, 'iter': 7000}, validation_spec=None)
[36m(RayTrainWorker pid=3857886)[0m ✓ Checkpoint保存于 Epoch 279
[36m(RayTrainWorker pid=3857892)[0m Reporting training result 281: TrainingReport(checkpoint=None, metrics={'loss': 0.05193210691213608, 'epoch': 280, 'iter': 7025}, validation_spec=None)[32m [repeated 8x across cluster][0m
[36m(RayTrainWorker pid=3857892)[0m Reporting training result 282: TrainingReport(checkpoint=None, metrics={'loss': 0.05091273754835129, 'epoch': 281, 'iter': 7050}, validation_spec=None)[32m [repeated 8x across cluster][0m
[36m(RayTrainWorker pid=3857886)[0m Checkpoint successfully created at: Checkpoint(filesystem=local, path=/home/user/demo/review/ray_results/dit_training/checkpoint_2026-01-04_20-42-35.472631)
[36m(RayTrainWorker pid=3857886)[0m Reporting training result 282: TrainingReport(checkpoint=Checkpoint(filesystem=local, path=/home/user/demo/review/ray_results/dit_training/checkpoint_2026-01-04_20-42-35.472631), metrics={'loss': 0.05001768171787262, 'epoch': 281, 'iter': 7050}, validation_spec=None)
[36m(RayTrainWorker pid=3857886)[0m ✓ 新的最佳模型! Loss: 0.050018 (Epoch 281)
[36m(RayTrainWorker pid=3857892)[0m Reporting training result 283: TrainingReport(checkpoint=None, metrics={'loss': 0.050437928587198255, 'epoch': 282, 'iter': 7075}, validation_spec=None)[32m [repeated 7x across cluster][0m
[36m(RayTrainWorker pid=3857892)[0m Reporting training result 284: TrainingReport(checkpoint=None, metrics={'loss': 0.049000849723815916, 'epoch': 283, 'iter': 7100}, validation_spec=None)[32m [repeated 8x across cluster][0m
[36m(RayTrainWorker pid=3857886)[0m Epoch: 283, Iter: 7100, Loss: 0.049107, Avg: 0.050307
[36m(RayTrainWorker pid=3857892)[0m Reporting training result 285: TrainingReport(checkpoint=None, metrics={'loss': 0.05065922603011131, 'epoch': 284, 'iter': 7125}, validation_spec=None)[32m [repeated 8x across cluster][0m
[36m(RayTrainWorker pid=3857892)[0m Reporting training result 286: TrainingReport(checkpoint=None, metrics={'loss': 0.0510969577729702, 'epoch': 285, 'iter': 7150}, validation_spec=None)[32m [repeated 8x across cluster][0m
[36m(RayTrainWorker pid=3857892)[0m Reporting training result 287: TrainingReport(checkpoint=None, metrics={'loss': 0.05121756002306938, 'epoch': 286, 'iter': 7175}, validation_spec=None)[32m [repeated 8x across cluster][0m
[36m(RayTrainWorker pid=3857892)[0m Reporting training result 288: TrainingReport(checkpoint=None, metrics={'loss': 0.05065916240215301, 'epoch': 287, 'iter': 7200}, validation_spec=None)[32m [repeated 8x across cluster][0m
[36m(RayTrainWorker pid=3857886)[0m Epoch: 287, Iter: 7200, Loss: 0.052025, Avg: 0.050309
[36m(RayTrainWorker pid=3857892)[0m Reporting training result 289: TrainingReport(checkpoint=None, metrics={'loss': 0.050365919321775435, 'epoch': 288, 'iter': 7225}, validation_spec=None)[32m [repeated 8x across cluster][0m
[36m(RayTrainWorker pid=3857886)[0m Checkpoint successfully created at: Checkpoint(filesystem=local, path=/home/user/demo/review/ray_results/dit_training/checkpoint_2026-01-04_20-44-05.030139)
[36m(RayTrainWorker pid=3857886)[0m Reporting training result 289: TrainingReport(checkpoint=Checkpoint(filesystem=local, path=/home/user/demo/review/ray_results/dit_training/checkpoint_2026-01-04_20-44-05.030139), metrics={'loss': 0.0492948292195797, 'epoch': 288, 'iter': 7225}, validation_spec=None)
[36m(RayTrainWorker pid=3857886)[0m ✓ 新的最佳模型! Loss: 0.049295 (Epoch 288)
[36m(RayTrainWorker pid=3857892)[0m Reporting training result 290: TrainingReport(checkpoint=None, metrics={'loss': 0.04969857022166252, 'epoch': 289, 'iter': 7250}, validation_spec=None)[32m [repeated 7x across cluster][0m
[36m(RayTrainWorker pid=3857892)[0m Reporting training result 291: TrainingReport(checkpoint=None, metrics={'loss': 0.05032724678516388, 'epoch': 290, 'iter': 7275}, validation_spec=None)[32m [repeated 8x across cluster][0m
[36m(RayTrainWorker pid=3857892)[0m Reporting training result 292: TrainingReport(checkpoint=None, metrics={'loss': 0.05028797596693039, 'epoch': 291, 'iter': 7300}, validation_spec=None)[32m [repeated 8x across cluster][0m
[36m(RayTrainWorker pid=3857886)[0m Epoch: 291, Iter: 7300, Loss: 0.052516, Avg: 0.050677
[36m(RayTrainWorker pid=3857892)[0m Reporting training result 293: TrainingReport(checkpoint=None, metrics={'loss': 0.05070880815386772, 'epoch': 292, 'iter': 7325}, validation_spec=None)[32m [repeated 8x across cluster][0m
[36m(RayTrainWorker pid=3857892)[0m Reporting training result 294: TrainingReport(checkpoint=None, metrics={'loss': 0.05246554225683212, 'epoch': 293, 'iter': 7350}, validation_spec=None)[32m [repeated 8x across cluster][0m
[36m(RayTrainWorker pid=3857892)[0m Reporting training result 295: TrainingReport(checkpoint=None, metrics={'loss': 0.05099928095936775, 'epoch': 294, 'iter': 7375}, validation_spec=None)[32m [repeated 8x across cluster][0m
[36m(RayTrainWorker pid=3857892)[0m Reporting training result 296: TrainingReport(checkpoint=None, metrics={'loss': 0.05137752652168274, 'epoch': 295, 'iter': 7400}, validation_spec=None)[32m [repeated 8x across cluster][0m
[36m(RayTrainWorker pid=3857886)[0m Epoch: 295, Iter: 7400, Loss: 0.049468, Avg: 0.050634
[36m(RayTrainWorker pid=3857892)[0m Reporting training result 297: TrainingReport(checkpoint=None, metrics={'loss': 0.05052067056298256, 'epoch': 296, 'iter': 7425}, validation_spec=None)[32m [repeated 8x across cluster][0m
[36m(RayTrainWorker pid=3857892)[0m Reporting training result 298: TrainingReport(checkpoint=None, metrics={'loss': 0.05017003864049911, 'epoch': 297, 'iter': 7450}, validation_spec=None)[32m [repeated 8x across cluster][0m
[36m(RayTrainWorker pid=3857892)[0m Reporting training result 299: TrainingReport(checkpoint=None, metrics={'loss': 0.04921071022748947, 'epoch': 298, 'iter': 7475}, validation_spec=None)[32m [repeated 8x across cluster][0m
[36m(RayTrainWorker pid=3857886)[0m Epoch: 299, Iter: 7500, Loss: 0.045607, Avg: 0.049581
[36m(RayTrainWorker pid=3857888)[0m Reporting training result 299: TrainingReport(checkpoint=None, metrics={'loss': 0.0499131752550602, 'epoch': 298, 'iter': 7475}, validation_spec=None)[32m [repeated 7x across cluster][0m
[36m(RayTrainWorker pid=3857886)[0m Checkpoint successfully created at: Checkpoint(filesystem=local, path=/home/user/demo/review/ray_results/dit_training/checkpoint_2026-01-04_20-46-25.496683)
[36m(RayTrainWorker pid=3857886)[0m Reporting training result 300: TrainingReport(checkpoint=Checkpoint(filesystem=local, path=/home/user/demo/review/ray_results/dit_training/checkpoint_2026-01-04_20-46-25.496683), metrics={'loss': 0.04958140999078751, 'epoch': 299, 'iter': 7500}, validation_spec=None)
[36m(RayTrainWorker pid=3857886)[0m ✓ Checkpoint保存于 Epoch 299
[36m(RayTrainWorker pid=3857892)[0m Reporting training result 301: TrainingReport(checkpoint=None, metrics={'loss': 0.04987291052937508, 'epoch': 300, 'iter': 7525}, validation_spec=None)[32m [repeated 8x across cluster][0m
[36m(RayTrainWorker pid=3857892)[0m Reporting training result 302: TrainingReport(checkpoint=None, metrics={'loss': 0.04947075635194778, 'epoch': 301, 'iter': 7550}, validation_spec=None)[32m [repeated 8x across cluster][0m
[36m(RayTrainWorker pid=3857892)[0m Reporting training result 303: TrainingReport(checkpoint=None, metrics={'loss': 0.049863351136446, 'epoch': 302, 'iter': 7575}, validation_spec=None)[32m [repeated 8x across cluster][0m
[36m(RayTrainWorker pid=3857886)[0m Epoch: 303, Iter: 7600, Loss: 0.048518, Avg: 0.048517
[36m(RayTrainWorker pid=3857888)[0m Reporting training result 303: TrainingReport(checkpoint=None, metrics={'loss': 0.05027798175811768, 'epoch': 302, 'iter': 7575}, validation_spec=None)[32m [repeated 7x across cluster][0m
[36m(RayTrainWorker pid=3857886)[0m Checkpoint successfully created at: Checkpoint(filesystem=local, path=/home/user/demo/review/ray_results/dit_training/checkpoint_2026-01-04_20-47-16.916675)
[36m(RayTrainWorker pid=3857886)[0m Reporting training result 304: TrainingReport(checkpoint=Checkpoint(filesystem=local, path=/home/user/demo/review/ray_results/dit_training/checkpoint_2026-01-04_20-47-16.916675), metrics={'loss': 0.04851731479167938, 'epoch': 303, 'iter': 7600}, validation_spec=None)
[36m(RayTrainWorker pid=3857886)[0m ✓ 新的最佳模型! Loss: 0.048517 (Epoch 303)
[36m(RayTrainWorker pid=3857892)[0m Reporting training result 305: TrainingReport(checkpoint=None, metrics={'loss': 0.04964060336351395, 'epoch': 304, 'iter': 7625}, validation_spec=None)[32m [repeated 8x across cluster][0m
[36m(RayTrainWorker pid=3857892)[0m Reporting training result 306: TrainingReport(checkpoint=None, metrics={'loss': 0.04928505748510361, 'epoch': 305, 'iter': 7650}, validation_spec=None)[32m [repeated 8x across cluster][0m
[36m(RayTrainWorker pid=3857892)[0m Reporting training result 307: TrainingReport(checkpoint=None, metrics={'loss': 0.050150545835495, 'epoch': 306, 'iter': 7675}, validation_spec=None)[32m [repeated 8x across cluster][0m
[36m(RayTrainWorker pid=3857892)[0m Reporting training result 308: TrainingReport(checkpoint=None, metrics={'loss': 0.04909864440560341, 'epoch': 307, 'iter': 7700}, validation_spec=None)[32m [repeated 8x across cluster][0m
[36m(RayTrainWorker pid=3857886)[0m Epoch: 307, Iter: 7700, Loss: 0.048742, Avg: 0.048991
[36m(RayTrainWorker pid=3857892)[0m Reporting training result 309: TrainingReport(checkpoint=None, metrics={'loss': 0.049363651275634766, 'epoch': 308, 'iter': 7725}, validation_spec=None)[32m [repeated 8x across cluster][0m
[36m(RayTrainWorker pid=3857892)[0m Reporting training result 310: TrainingReport(checkpoint=None, metrics={'loss': 0.048681561946868894, 'epoch': 309, 'iter': 7750}, validation_spec=None)[32m [repeated 8x across cluster][0m
[36m(RayTrainWorker pid=3857892)[0m Reporting training result 311: TrainingReport(checkpoint=None, metrics={'loss': 0.04920683577656746, 'epoch': 310, 'iter': 7775}, validation_spec=None)[32m [repeated 8x across cluster][0m
[36m(RayTrainWorker pid=3857892)[0m Reporting training result 312: TrainingReport(checkpoint=None, metrics={'loss': 0.049332707822322845, 'epoch': 311, 'iter': 7800}, validation_spec=None)[32m [repeated 8x across cluster][0m
[36m(RayTrainWorker pid=3857886)[0m Epoch: 311, Iter: 7800, Loss: 0.050279, Avg: 0.049418
[36m(RayTrainWorker pid=3857892)[0m Reporting training result 313: TrainingReport(checkpoint=None, metrics={'loss': 0.05009969174861908, 'epoch': 312, 'iter': 7825}, validation_spec=None)[32m [repeated 8x across cluster][0m
[36m(RayTrainWorker pid=3857892)[0m Reporting training result 314: TrainingReport(checkpoint=None, metrics={'loss': 0.04966563433408737, 'epoch': 313, 'iter': 7850}, validation_spec=None)[32m [repeated 8x across cluster][0m
[36m(RayTrainWorker pid=3857892)[0m Reporting training result 315: TrainingReport(checkpoint=None, metrics={'loss': 0.049294501543045044, 'epoch': 314, 'iter': 7875}, validation_spec=None)[32m [repeated 8x across cluster][0m
[36m(RayTrainWorker pid=3857886)[0m Epoch: 315, Iter: 7900, Loss: 0.053977, Avg: 0.048328
[36m(RayTrainWorker pid=3857888)[0m Reporting training result 315: TrainingReport(checkpoint=None, metrics={'loss': 0.05091164857149124, 'epoch': 314, 'iter': 7875}, validation_spec=None)[32m [repeated 7x across cluster][0m
[36m(RayTrainWorker pid=3857886)[0m Checkpoint successfully created at: Checkpoint(filesystem=local, path=/home/user/demo/review/ray_results/dit_training/checkpoint_2026-01-04_20-49-50.269852)
[36m(RayTrainWorker pid=3857886)[0m Reporting training result 316: TrainingReport(checkpoint=Checkpoint(filesystem=local, path=/home/user/demo/review/ray_results/dit_training/checkpoint_2026-01-04_20-49-50.269852), metrics={'loss': 0.04832848787307739, 'epoch': 315, 'iter': 7900}, validation_spec=None)
[36m(RayTrainWorker pid=3857886)[0m ✓ 新的最佳模型! Loss: 0.048328 (Epoch 315)
[36m(RayTrainWorker pid=3857892)[0m Reporting training result 317: TrainingReport(checkpoint=None, metrics={'loss': 0.0491790297627449, 'epoch': 316, 'iter': 7925}, validation_spec=None)[32m [repeated 8x across cluster][0m
[36m(RayTrainWorker pid=3857892)[0m Reporting training result 318: TrainingReport(checkpoint=None, metrics={'loss': 0.04949610278010368, 'epoch': 317, 'iter': 7950}, validation_spec=None)[32m [repeated 8x across cluster][0m
[36m(RayTrainWorker pid=3857892)[0m Reporting training result 319: TrainingReport(checkpoint=None, metrics={'loss': 0.04965207830071449, 'epoch': 318, 'iter': 7975}, validation_spec=None)[32m [repeated 8x across cluster][0m
[36m(RayTrainWorker pid=3857886)[0m Epoch: 319, Iter: 8000, Loss: 0.050493, Avg: 0.049563
[36m(RayTrainWorker pid=3857888)[0m Reporting training result 319: TrainingReport(checkpoint=None, metrics={'loss': 0.05085294589400292, 'epoch': 318, 'iter': 7975}, validation_spec=None)[32m [repeated 7x across cluster][0m
[36m(RayTrainWorker pid=3857886)[0m Checkpoint successfully created at: Checkpoint(filesystem=local, path=/home/user/demo/review/ray_results/dit_training/checkpoint_2026-01-04_20-50-41.716015)
[36m(RayTrainWorker pid=3857886)[0m Reporting training result 320: TrainingReport(checkpoint=Checkpoint(filesystem=local, path=/home/user/demo/review/ray_results/dit_training/checkpoint_2026-01-04_20-50-41.716015), metrics={'loss': 0.049562737941741944, 'epoch': 319, 'iter': 8000}, validation_spec=None)
[36m(RayTrainWorker pid=3857886)[0m ✓ Checkpoint保存于 Epoch 319
[36m(RayTrainWorker pid=3857892)[0m Reporting training result 321: TrainingReport(checkpoint=None, metrics={'loss': 0.04957983002066612, 'epoch': 320, 'iter': 8025}, validation_spec=None)[32m [repeated 8x across cluster][0m
[36m(RayTrainWorker pid=3857892)[0m Reporting training result 322: TrainingReport(checkpoint=None, metrics={'loss': 0.05042951047420502, 'epoch': 321, 'iter': 8050}, validation_spec=None)[32m [repeated 8x across cluster][0m
[36m(RayTrainWorker pid=3857892)[0m Reporting training result 323: TrainingReport(checkpoint=None, metrics={'loss': 0.04976110607385635, 'epoch': 322, 'iter': 8075}, validation_spec=None)[32m [repeated 8x across cluster][0m
[36m(RayTrainWorker pid=3857892)[0m Reporting training result 324: TrainingReport(checkpoint=None, metrics={'loss': 0.05006506279110909, 'epoch': 323, 'iter': 8100}, validation_spec=None)[32m [repeated 8x across cluster][0m
[36m(RayTrainWorker pid=3857886)[0m Epoch: 323, Iter: 8100, Loss: 0.047860, Avg: 0.049526
[36m(RayTrainWorker pid=3857892)[0m Reporting training result 325: TrainingReport(checkpoint=None, metrics={'loss': 0.04958955332636833, 'epoch': 324, 'iter': 8125}, validation_spec=None)[32m [repeated 8x across cluster][0m
[36m(RayTrainWorker pid=3857892)[0m Reporting training result 326: TrainingReport(checkpoint=None, metrics={'loss': 0.05068259909749031, 'epoch': 325, 'iter': 8150}, validation_spec=None)[32m [repeated 8x across cluster][0m
[36m(RayTrainWorker pid=3857892)[0m Reporting training result 327: TrainingReport(checkpoint=None, metrics={'loss': 0.05107524499297142, 'epoch': 326, 'iter': 8175}, validation_spec=None)[32m [repeated 8x across cluster][0m
[36m(RayTrainWorker pid=3857892)[0m Reporting training result 328: TrainingReport(checkpoint=None, metrics={'loss': 0.05355795547366142, 'epoch': 327, 'iter': 8200}, validation_spec=None)[32m [repeated 8x across cluster][0m
[36m(RayTrainWorker pid=3857886)[0m Epoch: 327, Iter: 8200, Loss: 0.055433, Avg: 0.054525
[36m(RayTrainWorker pid=3857892)[0m Reporting training result 329: TrainingReport(checkpoint=None, metrics={'loss': 0.053449101895093915, 'epoch': 328, 'iter': 8225}, validation_spec=None)[32m [repeated 8x across cluster][0m
[36m(RayTrainWorker pid=3857892)[0m Reporting training result 330: TrainingReport(checkpoint=None, metrics={'loss': 0.050906271040439606, 'epoch': 329, 'iter': 8250}, validation_spec=None)[32m [repeated 8x across cluster][0m
[36m(RayTrainWorker pid=3857892)[0m Reporting training result 331: TrainingReport(checkpoint=None, metrics={'loss': 0.052466475665569307, 'epoch': 330, 'iter': 8275}, validation_spec=None)[32m [repeated 8x across cluster][0m
[36m(RayTrainWorker pid=3857892)[0m Reporting training result 332: TrainingReport(checkpoint=None, metrics={'loss': 0.05106507584452629, 'epoch': 331, 'iter': 8300}, validation_spec=None)[32m [repeated 8x across cluster][0m
[36m(RayTrainWorker pid=3857886)[0m Epoch: 331, Iter: 8300, Loss: 0.047654, Avg: 0.050396
[36m(RayTrainWorker pid=3857892)[0m Reporting training result 333: TrainingReport(checkpoint=None, metrics={'loss': 0.04922415897250176, 'epoch': 332, 'iter': 8325}, validation_spec=None)[32m [repeated 8x across cluster][0m
[36m(RayTrainWorker pid=3857892)[0m Reporting training result 334: TrainingReport(checkpoint=None, metrics={'loss': 0.0492707408964634, 'epoch': 333, 'iter': 8350}, validation_spec=None)[32m [repeated 8x across cluster][0m
[36m(RayTrainWorker pid=3857892)[0m Reporting training result 335: TrainingReport(checkpoint=None, metrics={'loss': 0.04839483559131622, 'epoch': 334, 'iter': 8375}, validation_spec=None)[32m [repeated 8x across cluster][0m
[36m(RayTrainWorker pid=3857892)[0m Reporting training result 336: TrainingReport(checkpoint=None, metrics={'loss': 0.048540489226579664, 'epoch': 335, 'iter': 8400}, validation_spec=None)[32m [repeated 8x across cluster][0m
[36m(RayTrainWorker pid=3857886)[0m Epoch: 335, Iter: 8400, Loss: 0.046868, Avg: 0.048595
[36m(RayTrainWorker pid=3857892)[0m Reporting training result 337: TrainingReport(checkpoint=None, metrics={'loss': 0.048671445399522784, 'epoch': 336, 'iter': 8425}, validation_spec=None)[32m [repeated 8x across cluster][0m
[36m(RayTrainWorker pid=3857886)[0m Checkpoint successfully created at: Checkpoint(filesystem=local, path=/home/user/demo/review/ray_results/dit_training/checkpoint_2026-01-04_20-54-18.971206)
[36m(RayTrainWorker pid=3857886)[0m Reporting training result 337: TrainingReport(checkpoint=Checkpoint(filesystem=local, path=/home/user/demo/review/ray_results/dit_training/checkpoint_2026-01-04_20-54-18.971206), metrics={'loss': 0.04827123120427132, 'epoch': 336, 'iter': 8425}, validation_spec=None)
[36m(RayTrainWorker pid=3857886)[0m ✓ 新的最佳模型! Loss: 0.048271 (Epoch 336)
[36m(RayTrainWorker pid=3857892)[0m Reporting training result 338: TrainingReport(checkpoint=None, metrics={'loss': 0.04738579452037811, 'epoch': 337, 'iter': 8450}, validation_spec=None)[32m [repeated 7x across cluster][0m
[36m(RayTrainWorker pid=3857892)[0m Reporting training result 339: TrainingReport(checkpoint=None, metrics={'loss': 0.0481987689435482, 'epoch': 338, 'iter': 8475}, validation_spec=None)[32m [repeated 8x across cluster][0m
[36m(RayTrainWorker pid=3857886)[0m Epoch: 339, Iter: 8500, Loss: 0.047814, Avg: 0.048009
[36m(RayTrainWorker pid=3857888)[0m Reporting training result 339: TrainingReport(checkpoint=None, metrics={'loss': 0.049376501590013507, 'epoch': 338, 'iter': 8475}, validation_spec=None)[32m [repeated 7x across cluster][0m
[36m(RayTrainWorker pid=3857886)[0m Checkpoint successfully created at: Checkpoint(filesystem=local, path=/home/user/demo/review/ray_results/dit_training/checkpoint_2026-01-04_20-54-57.706903)
[36m(RayTrainWorker pid=3857886)[0m Reporting training result 340: TrainingReport(checkpoint=Checkpoint(filesystem=local, path=/home/user/demo/review/ray_results/dit_training/checkpoint_2026-01-04_20-54-57.706903), metrics={'loss': 0.048008810728788376, 'epoch': 339, 'iter': 8500}, validation_spec=None)
[36m(RayTrainWorker pid=3857886)[0m ✓ 新的最佳模型! Loss: 0.048009 (Epoch 339)
[36m(RayTrainWorker pid=3857892)[0m Reporting training result 341: TrainingReport(checkpoint=None, metrics={'loss': 0.04842519715428353, 'epoch': 340, 'iter': 8525}, validation_spec=None)[32m [repeated 8x across cluster][0m
[36m(RayTrainWorker pid=3857892)[0m Reporting training result 342: TrainingReport(checkpoint=None, metrics={'loss': 0.048177634328603745, 'epoch': 341, 'iter': 8550}, validation_spec=None)[32m [repeated 8x across cluster][0m
[36m(RayTrainWorker pid=3857892)[0m Reporting training result 343: TrainingReport(checkpoint=None, metrics={'loss': 0.0477913960814476, 'epoch': 342, 'iter': 8575}, validation_spec=None)[32m [repeated 8x across cluster][0m
[36m(RayTrainWorker pid=3857892)[0m Reporting training result 344: TrainingReport(checkpoint=None, metrics={'loss': 0.049423067569732665, 'epoch': 343, 'iter': 8600}, validation_spec=None)[32m [repeated 8x across cluster][0m
[36m(RayTrainWorker pid=3857886)[0m Epoch: 343, Iter: 8600, Loss: 0.052123, Avg: 0.048433
[36m(RayTrainWorker pid=3857892)[0m Reporting training result 345: TrainingReport(checkpoint=None, metrics={'loss': 0.048325019478797915, 'epoch': 344, 'iter': 8625}, validation_spec=None)[32m [repeated 8x across cluster][0m
[36m(RayTrainWorker pid=3857892)[0m Reporting training result 346: TrainingReport(checkpoint=None, metrics={'loss': 0.048118950873613356, 'epoch': 345, 'iter': 8650}, validation_spec=None)[32m [repeated 8x across cluster][0m
[36m(RayTrainWorker pid=3857892)[0m Reporting training result 347: TrainingReport(checkpoint=None, metrics={'loss': 0.048577006161212924, 'epoch': 346, 'iter': 8675}, validation_spec=None)[32m [repeated 8x across cluster][0m
[36m(RayTrainWorker pid=3857892)[0m Reporting training result 348: TrainingReport(checkpoint=None, metrics={'loss': 0.0485752734541893, 'epoch': 347, 'iter': 8700}, validation_spec=None)[32m [repeated 8x across cluster][0m
[36m(RayTrainWorker pid=3857886)[0m Epoch: 347, Iter: 8700, Loss: 0.050335, Avg: 0.049035
[36m(RayTrainWorker pid=3857892)[0m Reporting training result 349: TrainingReport(checkpoint=None, metrics={'loss': 0.04839225292205811, 'epoch': 348, 'iter': 8725}, validation_spec=None)[32m [repeated 8x across cluster][0m
[36m(RayTrainWorker pid=3857892)[0m Reporting training result 350: TrainingReport(checkpoint=None, metrics={'loss': 0.04820983484387398, 'epoch': 349, 'iter': 8750}, validation_spec=None)[32m [repeated 8x across cluster][0m
[36m(RayTrainWorker pid=3857892)[0m Reporting training result 351: TrainingReport(checkpoint=None, metrics={'loss': 0.04911211237311363, 'epoch': 350, 'iter': 8775}, validation_spec=None)[32m [repeated 8x across cluster][0m
[36m(RayTrainWorker pid=3857892)[0m Reporting training result 352: TrainingReport(checkpoint=None, metrics={'loss': 0.050888516902923585, 'epoch': 351, 'iter': 8800}, validation_spec=None)[32m [repeated 8x across cluster][0m
[36m(RayTrainWorker pid=3857886)[0m Epoch: 351, Iter: 8800, Loss: 0.055990, Avg: 0.051558
[36m(RayTrainWorker pid=3857892)[0m Reporting training result 353: TrainingReport(checkpoint=None, metrics={'loss': 0.050035201609134675, 'epoch': 352, 'iter': 8825}, validation_spec=None)[32m [repeated 8x across cluster][0m
[36m(RayTrainWorker pid=3857892)[0m Reporting training result 354: TrainingReport(checkpoint=None, metrics={'loss': 0.050845468789339064, 'epoch': 353, 'iter': 8850}, validation_spec=None)[32m [repeated 8x across cluster][0m
[36m(RayTrainWorker pid=3857892)[0m Reporting training result 355: TrainingReport(checkpoint=None, metrics={'loss': 0.049980684965848926, 'epoch': 354, 'iter': 8875}, validation_spec=None)[32m [repeated 8x across cluster][0m
[36m(RayTrainWorker pid=3857892)[0m Reporting training result 356: TrainingReport(checkpoint=None, metrics={'loss': 0.051152841001749036, 'epoch': 355, 'iter': 8900}, validation_spec=None)[32m [repeated 8x across cluster][0m
[36m(RayTrainWorker pid=3857886)[0m Epoch: 355, Iter: 8900, Loss: 0.049334, Avg: 0.050322
[36m(RayTrainWorker pid=3857892)[0m Reporting training result 357: TrainingReport(checkpoint=None, metrics={'loss': 0.048098998218774794, 'epoch': 356, 'iter': 8925}, validation_spec=None)[32m [repeated 8x across cluster][0m
[36m(RayTrainWorker pid=3857892)[0m Reporting training result 358: TrainingReport(checkpoint=None, metrics={'loss': 0.0482494954764843, 'epoch': 357, 'iter': 8950}, validation_spec=None)[32m [repeated 8x across cluster][0m
[36m(RayTrainWorker pid=3857892)[0m Reporting training result 359: TrainingReport(checkpoint=None, metrics={'loss': 0.04904870063066483, 'epoch': 358, 'iter': 8975}, validation_spec=None)[32m [repeated 8x across cluster][0m
[36m(RayTrainWorker pid=3857886)[0m Epoch: 359, Iter: 9000, Loss: 0.050648, Avg: 0.047866
[36m(RayTrainWorker pid=3857888)[0m Reporting training result 359: TrainingReport(checkpoint=None, metrics={'loss': 0.04733821913599968, 'epoch': 358, 'iter': 8975}, validation_spec=None)[32m [repeated 7x across cluster][0m
[36m(RayTrainWorker pid=3857886)[0m Checkpoint successfully created at: Checkpoint(filesystem=local, path=/home/user/demo/review/ray_results/dit_training/checkpoint_2026-01-04_20-59-13.377429)
[36m(RayTrainWorker pid=3857886)[0m Reporting training result 360: TrainingReport(checkpoint=Checkpoint(filesystem=local, path=/home/user/demo/review/ray_results/dit_training/checkpoint_2026-01-04_20-59-13.377429), metrics={'loss': 0.04786584034562111, 'epoch': 359, 'iter': 9000}, validation_spec=None)
[36m(RayTrainWorker pid=3857886)[0m ✓ 新的最佳模型! Loss: 0.047866 (Epoch 359)
[36m(RayTrainWorker pid=3857892)[0m Reporting training result 361: TrainingReport(checkpoint=None, metrics={'loss': 0.04865825667977333, 'epoch': 360, 'iter': 9025}, validation_spec=None)[32m [repeated 8x across cluster][0m
[36m(RayTrainWorker pid=3857892)[0m Reporting training result 362: TrainingReport(checkpoint=None, metrics={'loss': 0.04760107725858689, 'epoch': 361, 'iter': 9050}, validation_spec=None)[32m [repeated 8x across cluster][0m
[36m(RayTrainWorker pid=3857892)[0m Reporting training result 363: TrainingReport(checkpoint=None, metrics={'loss': 0.04950460210442543, 'epoch': 362, 'iter': 9075}, validation_spec=None)[32m [repeated 8x across cluster][0m
[36m(RayTrainWorker pid=3857892)[0m Reporting training result 364: TrainingReport(checkpoint=None, metrics={'loss': 0.049385758489370345, 'epoch': 363, 'iter': 9100}, validation_spec=None)[32m [repeated 8x across cluster][0m
[36m(RayTrainWorker pid=3857886)[0m Epoch: 363, Iter: 9100, Loss: 0.052537, Avg: 0.049324
[36m(RayTrainWorker pid=3857892)[0m Reporting training result 365: TrainingReport(checkpoint=None, metrics={'loss': 0.0492224170267582, 'epoch': 364, 'iter': 9125}, validation_spec=None)[32m [repeated 8x across cluster][0m
[36m(RayTrainWorker pid=3857892)[0m Reporting training result 366: TrainingReport(checkpoint=None, metrics={'loss': 0.04970066472887993, 'epoch': 365, 'iter': 9150}, validation_spec=None)[32m [repeated 8x across cluster][0m
[36m(RayTrainWorker pid=3857892)[0m Reporting training result 367: TrainingReport(checkpoint=None, metrics={'loss': 0.051412365436553954, 'epoch': 366, 'iter': 9175}, validation_spec=None)[32m [repeated 8x across cluster][0m
[36m(RayTrainWorker pid=3857886)[0m Epoch: 367, Iter: 9200, Loss: 0.050824, Avg: 0.049498
[36m(RayTrainWorker pid=3857888)[0m Reporting training result 367: TrainingReport(checkpoint=None, metrics={'loss': 0.05165681853890419, 'epoch': 366, 'iter': 9175}, validation_spec=None)[32m [repeated 7x across cluster][0m
[36m(RayTrainWorker pid=3857892)[0m Reporting training result 369: TrainingReport(checkpoint=None, metrics={'loss': 0.04838238105177879, 'epoch': 368, 'iter': 9225}, validation_spec=None)[32m [repeated 9x across cluster][0m
[36m(RayTrainWorker pid=3857892)[0m Reporting training result 370: TrainingReport(checkpoint=None, metrics={'loss': 0.048404661864042284, 'epoch': 369, 'iter': 9250}, validation_spec=None)[32m [repeated 8x across cluster][0m
[36m(RayTrainWorker pid=3857892)[0m Reporting training result 371: TrainingReport(checkpoint=None, metrics={'loss': 0.04928014814853668, 'epoch': 370, 'iter': 9275}, validation_spec=None)[32m [repeated 8x across cluster][0m
[36m(RayTrainWorker pid=3857886)[0m Epoch: 371, Iter: 9300, Loss: 0.045281, Avg: 0.047762
[36m(RayTrainWorker pid=3857888)[0m Reporting training result 371: TrainingReport(checkpoint=None, metrics={'loss': 0.04832071021199227, 'epoch': 370, 'iter': 9275}, validation_spec=None)[32m [repeated 7x across cluster][0m
[36m(RayTrainWorker pid=3857886)[0m Checkpoint successfully created at: Checkpoint(filesystem=local, path=/home/user/demo/review/ray_results/dit_training/checkpoint_2026-01-04_21-01-47.191811)
[36m(RayTrainWorker pid=3857886)[0m Reporting training result 372: TrainingReport(checkpoint=Checkpoint(filesystem=local, path=/home/user/demo/review/ray_results/dit_training/checkpoint_2026-01-04_21-01-47.191811), metrics={'loss': 0.0477620042860508, 'epoch': 371, 'iter': 9300}, validation_spec=None)
[36m(RayTrainWorker pid=3857886)[0m ✓ 新的最佳模型! Loss: 0.047762 (Epoch 371)
[36m(RayTrainWorker pid=3857892)[0m Reporting training result 373: TrainingReport(checkpoint=None, metrics={'loss': 0.04931208536028862, 'epoch': 372, 'iter': 9325}, validation_spec=None)[32m [repeated 8x across cluster][0m
[36m(RayTrainWorker pid=3857892)[0m Reporting training result 374: TrainingReport(checkpoint=None, metrics={'loss': 0.048872217684984204, 'epoch': 373, 'iter': 9350}, validation_spec=None)[32m [repeated 8x across cluster][0m
[36m(RayTrainWorker pid=3857892)[0m Reporting training result 375: TrainingReport(checkpoint=None, metrics={'loss': 0.04723655506968498, 'epoch': 374, 'iter': 9375}, validation_spec=None)[32m [repeated 8x across cluster][0m
[36m(RayTrainWorker pid=3857892)[0m Reporting training result 376: TrainingReport(checkpoint=None, metrics={'loss': 0.04968529418110847, 'epoch': 375, 'iter': 9400}, validation_spec=None)[32m [repeated 8x across cluster][0m
[36m(RayTrainWorker pid=3857886)[0m Epoch: 375, Iter: 9400, Loss: 0.056316, Avg: 0.049812
[36m(RayTrainWorker pid=3857892)[0m Reporting training result 377: TrainingReport(checkpoint=None, metrics={'loss': 0.04876193180680275, 'epoch': 376, 'iter': 9425}, validation_spec=None)[32m [repeated 8x across cluster][0m
[36m(RayTrainWorker pid=3857892)[0m Reporting training result 378: TrainingReport(checkpoint=None, metrics={'loss': 0.04925312653183937, 'epoch': 377, 'iter': 9450}, validation_spec=None)[32m [repeated 8x across cluster][0m
[36m(RayTrainWorker pid=3857892)[0m Reporting training result 379: TrainingReport(checkpoint=None, metrics={'loss': 0.04801055669784546, 'epoch': 378, 'iter': 9475}, validation_spec=None)[32m [repeated 8x across cluster][0m
[36m(RayTrainWorker pid=3857886)[0m Epoch: 379, Iter: 9500, Loss: 0.046375, Avg: 0.047578
[36m(RayTrainWorker pid=3857888)[0m Reporting training result 379: TrainingReport(checkpoint=None, metrics={'loss': 0.047744208127260206, 'epoch': 378, 'iter': 9475}, validation_spec=None)[32m [repeated 7x across cluster][0m
[36m(RayTrainWorker pid=3857886)[0m Checkpoint successfully created at: Checkpoint(filesystem=local, path=/home/user/demo/review/ray_results/dit_training/checkpoint_2026-01-04_21-03-29.972119)
[36m(RayTrainWorker pid=3857886)[0m Reporting training result 380: TrainingReport(checkpoint=Checkpoint(filesystem=local, path=/home/user/demo/review/ray_results/dit_training/checkpoint_2026-01-04_21-03-29.972119), metrics={'loss': 0.04757839143276214, 'epoch': 379, 'iter': 9500}, validation_spec=None)
[36m(RayTrainWorker pid=3857886)[0m ✓ 新的最佳模型! Loss: 0.047578 (Epoch 379)
[36m(RayTrainWorker pid=3857892)[0m Reporting training result 381: TrainingReport(checkpoint=None, metrics={'loss': 0.047482605427503585, 'epoch': 380, 'iter': 9525}, validation_spec=None)[32m [repeated 8x across cluster][0m
[36m(RayTrainWorker pid=3857892)[0m Reporting training result 382: TrainingReport(checkpoint=None, metrics={'loss': 0.04735690206289291, 'epoch': 381, 'iter': 9550}, validation_spec=None)[32m [repeated 8x across cluster][0m
[36m(RayTrainWorker pid=3857886)[0m Checkpoint successfully created at: Checkpoint(filesystem=local, path=/home/user/demo/review/ray_results/dit_training/checkpoint_2026-01-04_21-03-55.953305)
[36m(RayTrainWorker pid=3857886)[0m Reporting training result 382: TrainingReport(checkpoint=Checkpoint(filesystem=local, path=/home/user/demo/review/ray_results/dit_training/checkpoint_2026-01-04_21-03-55.953305), metrics={'loss': 0.04723277375102043, 'epoch': 381, 'iter': 9550}, validation_spec=None)
[36m(RayTrainWorker pid=3857886)[0m ✓ 新的最佳模型! Loss: 0.047233 (Epoch 381)
[36m(RayTrainWorker pid=3857892)[0m Reporting training result 383: TrainingReport(checkpoint=None, metrics={'loss': 0.04704002425074577, 'epoch': 382, 'iter': 9575}, validation_spec=None)[32m [repeated 7x across cluster][0m
[36m(RayTrainWorker pid=3857892)[0m Reporting training result 384: TrainingReport(checkpoint=None, metrics={'loss': 0.047415413111448285, 'epoch': 383, 'iter': 9600}, validation_spec=None)[32m [repeated 8x across cluster][0m
[36m(RayTrainWorker pid=3857886)[0m Epoch: 383, Iter: 9600, Loss: 0.048225, Avg: 0.047670
[36m(RayTrainWorker pid=3857892)[0m Reporting training result 385: TrainingReport(checkpoint=None, metrics={'loss': 0.04734290897846222, 'epoch': 384, 'iter': 9625}, validation_spec=None)[32m [repeated 8x across cluster][0m
[36m(RayTrainWorker pid=3857886)[0m Checkpoint successfully created at: Checkpoint(filesystem=local, path=/home/user/demo/review/ray_results/dit_training/checkpoint_2026-01-04_21-04-34.735587)
[36m(RayTrainWorker pid=3857886)[0m Reporting training result 385: TrainingReport(checkpoint=Checkpoint(filesystem=local, path=/home/user/demo/review/ray_results/dit_training/checkpoint_2026-01-04_21-04-34.735587), metrics={'loss': 0.0471871417760849, 'epoch': 384, 'iter': 9625}, validation_spec=None)
[36m(RayTrainWorker pid=3857886)[0m ✓ 新的最佳模型! Loss: 0.047187 (Epoch 384)
[36m(RayTrainWorker pid=3857892)[0m Reporting training result 386: TrainingReport(checkpoint=None, metrics={'loss': 0.04861640840768814, 'epoch': 385, 'iter': 9650}, validation_spec=None)[32m [repeated 7x across cluster][0m
[36m(RayTrainWorker pid=3857892)[0m Reporting training result 387: TrainingReport(checkpoint=None, metrics={'loss': 0.04786098018288612, 'epoch': 386, 'iter': 9675}, validation_spec=None)[32m [repeated 8x across cluster][0m
[36m(RayTrainWorker pid=3857892)[0m Reporting training result 388: TrainingReport(checkpoint=None, metrics={'loss': 0.04793403446674347, 'epoch': 387, 'iter': 9700}, validation_spec=None)[32m [repeated 8x across cluster][0m
[36m(RayTrainWorker pid=3857886)[0m Epoch: 387, Iter: 9700, Loss: 0.048659, Avg: 0.047603
[36m(RayTrainWorker pid=3857892)[0m Reporting training result 389: TrainingReport(checkpoint=None, metrics={'loss': 0.04782232761383057, 'epoch': 388, 'iter': 9725}, validation_spec=None)[32m [repeated 8x across cluster][0m
[36m(RayTrainWorker pid=3857892)[0m Reporting training result 390: TrainingReport(checkpoint=None, metrics={'loss': 0.04752595663070679, 'epoch': 389, 'iter': 9750}, validation_spec=None)[32m [repeated 8x across cluster][0m
[36m(RayTrainWorker pid=3857892)[0m Reporting training result 391: TrainingReport(checkpoint=None, metrics={'loss': 0.04693254098296165, 'epoch': 390, 'iter': 9775}, validation_spec=None)[32m [repeated 8x across cluster][0m
[36m(RayTrainWorker pid=3857886)[0m Checkpoint successfully created at: Checkpoint(filesystem=local, path=/home/user/demo/review/ray_results/dit_training/checkpoint_2026-01-04_21-05-51.806470)
[36m(RayTrainWorker pid=3857886)[0m Reporting training result 391: TrainingReport(checkpoint=Checkpoint(filesystem=local, path=/home/user/demo/review/ray_results/dit_training/checkpoint_2026-01-04_21-05-51.806470), metrics={'loss': 0.0468986251950264, 'epoch': 390, 'iter': 9775}, validation_spec=None)
[36m(RayTrainWorker pid=3857886)[0m ✓ 新的最佳模型! Loss: 0.046899 (Epoch 390)
[36m(RayTrainWorker pid=3857892)[0m Reporting training result 392: TrainingReport(checkpoint=None, metrics={'loss': 0.048919523358345034, 'epoch': 391, 'iter': 9800}, validation_spec=None)[32m [repeated 7x across cluster][0m
[36m(RayTrainWorker pid=3857886)[0m Epoch: 391, Iter: 9800, Loss: 0.048859, Avg: 0.048997
[36m(RayTrainWorker pid=3857892)[0m Reporting training result 393: TrainingReport(checkpoint=None, metrics={'loss': 0.047454173415899276, 'epoch': 392, 'iter': 9825}, validation_spec=None)[32m [repeated 8x across cluster][0m
[36m(RayTrainWorker pid=3857892)[0m Reporting training result 394: TrainingReport(checkpoint=None, metrics={'loss': 0.04890724912285805, 'epoch': 393, 'iter': 9850}, validation_spec=None)[32m [repeated 8x across cluster][0m
[36m(RayTrainWorker pid=3857892)[0m Reporting training result 395: TrainingReport(checkpoint=None, metrics={'loss': 0.047451235353946686, 'epoch': 394, 'iter': 9875}, validation_spec=None)[32m [repeated 8x across cluster][0m
[36m(RayTrainWorker pid=3857886)[0m Epoch: 395, Iter: 9900, Loss: 0.051039, Avg: 0.049336
[36m(RayTrainWorker pid=3857888)[0m Reporting training result 395: TrainingReport(checkpoint=None, metrics={'loss': 0.04859077483415604, 'epoch': 394, 'iter': 9875}, validation_spec=None)[32m [repeated 7x across cluster][0m
[36m(RayTrainWorker pid=3857892)[0m Reporting training result 397: TrainingReport(checkpoint=None, metrics={'loss': 0.05077373757958412, 'epoch': 396, 'iter': 9925}, validation_spec=None)[32m [repeated 9x across cluster][0m
[36m(RayTrainWorker pid=3857892)[0m Reporting training result 398: TrainingReport(checkpoint=None, metrics={'loss': 0.04945350721478462, 'epoch': 397, 'iter': 9950}, validation_spec=None)[32m [repeated 8x across cluster][0m
[36m(RayTrainWorker pid=3857892)[0m Reporting training result 399: TrainingReport(checkpoint=None, metrics={'loss': 0.04735039249062538, 'epoch': 398, 'iter': 9975}, validation_spec=None)[32m [repeated 8x across cluster][0m
[36m(RayTrainWorker pid=3857886)[0m Epoch: 399, Iter: 10000, Loss: 0.045645, Avg: 0.047737
[36m(RayTrainWorker pid=3857888)[0m Reporting training result 399: TrainingReport(checkpoint=None, metrics={'loss': 0.04819451242685318, 'epoch': 398, 'iter': 9975}, validation_spec=None)[32m [repeated 7x across cluster][0m
[36m(RayTrainWorker pid=3857886)[0m Checkpoint successfully created at: Checkpoint(filesystem=local, path=/home/user/demo/review/ray_results/dit_training/checkpoint_2026-01-04_21-07-47.383438)
[36m(RayTrainWorker pid=3857886)[0m Reporting training result 400: TrainingReport(checkpoint=Checkpoint(filesystem=local, path=/home/user/demo/review/ray_results/dit_training/checkpoint_2026-01-04_21-07-47.383438), metrics={'loss': 0.04773720383644104, 'epoch': 399, 'iter': 10000}, validation_spec=None)
[36m(RayTrainWorker pid=3857886)[0m ✓ Checkpoint保存于 Epoch 399
[36m(RayTrainWorker pid=3857892)[0m Reporting training result 401: TrainingReport(checkpoint=None, metrics={'loss': 0.047262879312038424, 'epoch': 400, 'iter': 10025}, validation_spec=None)[32m [repeated 8x across cluster][0m
[36m(RayTrainWorker pid=3857892)[0m Reporting training result 402: TrainingReport(checkpoint=None, metrics={'loss': 0.047255291044712065, 'epoch': 401, 'iter': 10050}, validation_spec=None)[32m [repeated 8x across cluster][0m
[36m(RayTrainWorker pid=3857892)[0m Reporting training result 403: TrainingReport(checkpoint=None, metrics={'loss': 0.049178296327590944, 'epoch': 402, 'iter': 10075}, validation_spec=None)[32m [repeated 8x across cluster][0m
[36m(RayTrainWorker pid=3857892)[0m Reporting training result 404: TrainingReport(checkpoint=None, metrics={'loss': 0.04938954502344131, 'epoch': 403, 'iter': 10100}, validation_spec=None)[32m [repeated 8x across cluster][0m
[36m(RayTrainWorker pid=3857886)[0m Epoch: 403, Iter: 10100, Loss: 0.050801, Avg: 0.050695
[36m(RayTrainWorker pid=3857892)[0m Reporting training result 405: TrainingReport(checkpoint=None, metrics={'loss': 0.050745426416397094, 'epoch': 404, 'iter': 10125}, validation_spec=None)[32m [repeated 8x across cluster][0m
[36m(RayTrainWorker pid=3857892)[0m Reporting training result 406: TrainingReport(checkpoint=None, metrics={'loss': 0.05203734949231148, 'epoch': 405, 'iter': 10150}, validation_spec=None)[32m [repeated 8x across cluster][0m
[36m(RayTrainWorker pid=3857892)[0m Reporting training result 407: TrainingReport(checkpoint=None, metrics={'loss': 0.04923922061920166, 'epoch': 406, 'iter': 10175}, validation_spec=None)[32m [repeated 8x across cluster][0m
[36m(RayTrainWorker pid=3857892)[0m Reporting training result 408: TrainingReport(checkpoint=None, metrics={'loss': 0.05016899973154068, 'epoch': 407, 'iter': 10200}, validation_spec=None)[32m [repeated 8x across cluster][0m
[36m(RayTrainWorker pid=3857886)[0m Epoch: 407, Iter: 10200, Loss: 0.047795, Avg: 0.050733
[36m(RayTrainWorker pid=3857892)[0m Reporting training result 409: TrainingReport(checkpoint=None, metrics={'loss': 0.04747543215751648, 'epoch': 408, 'iter': 10225}, validation_spec=None)[32m [repeated 8x across cluster][0m
[36m(RayTrainWorker pid=3857892)[0m Reporting training result 410: TrainingReport(checkpoint=None, metrics={'loss': 0.045922169983386996, 'epoch': 409, 'iter': 10250}, validation_spec=None)[32m [repeated 8x across cluster][0m
[36m(RayTrainWorker pid=3857886)[0m Checkpoint successfully created at: Checkpoint(filesystem=local, path=/home/user/demo/review/ray_results/dit_training/checkpoint_2026-01-04_21-09-55.675738)
[36m(RayTrainWorker pid=3857886)[0m Reporting training result 410: TrainingReport(checkpoint=Checkpoint(filesystem=local, path=/home/user/demo/review/ray_results/dit_training/checkpoint_2026-01-04_21-09-55.675738), metrics={'loss': 0.04657308340072632, 'epoch': 409, 'iter': 10250}, validation_spec=None)
[36m(RayTrainWorker pid=3857886)[0m ✓ 新的最佳模型! Loss: 0.046573 (Epoch 409)
[36m(RayTrainWorker pid=3857892)[0m Reporting training result 411: TrainingReport(checkpoint=None, metrics={'loss': 0.046984996497631076, 'epoch': 410, 'iter': 10275}, validation_spec=None)[32m [repeated 7x across cluster][0m
[36m(RayTrainWorker pid=3857886)[0m Checkpoint successfully created at: Checkpoint(filesystem=local, path=/home/user/demo/review/ray_results/dit_training/checkpoint_2026-01-04_21-10-08.972244)
[36m(RayTrainWorker pid=3857886)[0m Reporting training result 411: TrainingReport(checkpoint=Checkpoint(filesystem=local, path=/home/user/demo/review/ray_results/dit_training/checkpoint_2026-01-04_21-10-08.972244), metrics={'loss': 0.045705828666687015, 'epoch': 410, 'iter': 10275}, validation_spec=None)
[36m(RayTrainWorker pid=3857886)[0m ✓ 新的最佳模型! Loss: 0.045706 (Epoch 410)
[36m(RayTrainWorker pid=3857892)[0m Reporting training result 412: TrainingReport(checkpoint=None, metrics={'loss': 0.04871540665626526, 'epoch': 411, 'iter': 10300}, validation_spec=None)[32m [repeated 7x across cluster][0m
[36m(RayTrainWorker pid=3857886)[0m Epoch: 411, Iter: 10300, Loss: 0.045465, Avg: 0.048267
[36m(RayTrainWorker pid=3857892)[0m Reporting training result 413: TrainingReport(checkpoint=None, metrics={'loss': 0.048841619789600374, 'epoch': 412, 'iter': 10325}, validation_spec=None)[32m [repeated 8x across cluster][0m
[36m(RayTrainWorker pid=3857892)[0m Reporting training result 414: TrainingReport(checkpoint=None, metrics={'loss': 0.04956040725111961, 'epoch': 413, 'iter': 10350}, validation_spec=None)[32m [repeated 8x across cluster][0m
[36m(RayTrainWorker pid=3857892)[0m Reporting training result 415: TrainingReport(checkpoint=None, metrics={'loss': 0.04979029461741447, 'epoch': 414, 'iter': 10375}, validation_spec=None)[32m [repeated 8x across cluster][0m
[36m(RayTrainWorker pid=3857892)[0m Reporting training result 416: TrainingReport(checkpoint=None, metrics={'loss': 0.049524576365947724, 'epoch': 415, 'iter': 10400}, validation_spec=None)[32m [repeated 8x across cluster][0m
[36m(RayTrainWorker pid=3857886)[0m Epoch: 415, Iter: 10400, Loss: 0.046984, Avg: 0.048990
[36m(RayTrainWorker pid=3857892)[0m Reporting training result 417: TrainingReport(checkpoint=None, metrics={'loss': 0.04800371378660202, 'epoch': 416, 'iter': 10425}, validation_spec=None)[32m [repeated 8x across cluster][0m
[36m(RayTrainWorker pid=3857892)[0m Reporting training result 418: TrainingReport(checkpoint=None, metrics={'loss': 0.048593584448099136, 'epoch': 417, 'iter': 10450}, validation_spec=None)[32m [repeated 8x across cluster][0m
[36m(RayTrainWorker pid=3857892)[0m Reporting training result 419: TrainingReport(checkpoint=None, metrics={'loss': 0.04779337719082832, 'epoch': 418, 'iter': 10475}, validation_spec=None)[32m [repeated 8x across cluster][0m
[36m(RayTrainWorker pid=3857886)[0m Epoch: 419, Iter: 10500, Loss: 0.044586, Avg: 0.047133
[36m(RayTrainWorker pid=3857888)[0m Reporting training result 419: TrainingReport(checkpoint=None, metrics={'loss': 0.047436340004205706, 'epoch': 418, 'iter': 10475}, validation_spec=None)[32m [repeated 7x across cluster][0m
[36m(RayTrainWorker pid=3857886)[0m Checkpoint successfully created at: Checkpoint(filesystem=local, path=/home/user/demo/review/ray_results/dit_training/checkpoint_2026-01-04_21-12-04.602924)
[36m(RayTrainWorker pid=3857886)[0m Reporting training result 420: TrainingReport(checkpoint=Checkpoint(filesystem=local, path=/home/user/demo/review/ray_results/dit_training/checkpoint_2026-01-04_21-12-04.602924), metrics={'loss': 0.04713265120983124, 'epoch': 419, 'iter': 10500}, validation_spec=None)
[36m(RayTrainWorker pid=3857886)[0m ✓ Checkpoint保存于 Epoch 419
[36m(RayTrainWorker pid=3857892)[0m Reporting training result 421: TrainingReport(checkpoint=None, metrics={'loss': 0.047388505190610886, 'epoch': 420, 'iter': 10525}, validation_spec=None)[32m [repeated 8x across cluster][0m
[36m(RayTrainWorker pid=3857892)[0m Reporting training result 422: TrainingReport(checkpoint=None, metrics={'loss': 0.04618071764707565, 'epoch': 421, 'iter': 10550}, validation_spec=None)[32m [repeated 8x across cluster][0m
[36m(RayTrainWorker pid=3857892)[0m Reporting training result 423: TrainingReport(checkpoint=None, metrics={'loss': 0.047241126894950865, 'epoch': 422, 'iter': 10575}, validation_spec=None)[32m [repeated 8x across cluster][0m
[36m(RayTrainWorker pid=3857892)[0m Reporting training result 424: TrainingReport(checkpoint=None, metrics={'loss': 0.04686479702591896, 'epoch': 423, 'iter': 10600}, validation_spec=None)[32m [repeated 8x across cluster][0m
[36m(RayTrainWorker pid=3857886)[0m Epoch: 423, Iter: 10600, Loss: 0.049720, Avg: 0.046812
[36m(RayTrainWorker pid=3857892)[0m Reporting training result 425: TrainingReport(checkpoint=None, metrics={'loss': 0.04805728256702423, 'epoch': 424, 'iter': 10625}, validation_spec=None)[32m [repeated 8x across cluster][0m
[36m(RayTrainWorker pid=3857892)[0m Reporting training result 426: TrainingReport(checkpoint=None, metrics={'loss': 0.047865650951862335, 'epoch': 425, 'iter': 10650}, validation_spec=None)[32m [repeated 8x across cluster][0m
[36m(RayTrainWorker pid=3857892)[0m Reporting training result 427: TrainingReport(checkpoint=None, metrics={'loss': 0.04836290344595909, 'epoch': 426, 'iter': 10675}, validation_spec=None)[32m [repeated 8x across cluster][0m
[36m(RayTrainWorker pid=3857892)[0m Reporting training result 428: TrainingReport(checkpoint=None, metrics={'loss': 0.04747638866305351, 'epoch': 427, 'iter': 10700}, validation_spec=None)[32m [repeated 8x across cluster][0m
[36m(RayTrainWorker pid=3857886)[0m Epoch: 427, Iter: 10700, Loss: 0.045064, Avg: 0.046534
[36m(RayTrainWorker pid=3857892)[0m Reporting training result 429: TrainingReport(checkpoint=None, metrics={'loss': 0.04696784421801567, 'epoch': 428, 'iter': 10725}, validation_spec=None)[32m [repeated 8x across cluster][0m
[36m(RayTrainWorker pid=3857892)[0m Reporting training result 430: TrainingReport(checkpoint=None, metrics={'loss': 0.04759753182530403, 'epoch': 429, 'iter': 10750}, validation_spec=None)[32m [repeated 8x across cluster][0m
[36m(RayTrainWorker pid=3857892)[0m Reporting training result 431: TrainingReport(checkpoint=None, metrics={'loss': 0.04710433781147003, 'epoch': 430, 'iter': 10775}, validation_spec=None)[32m [repeated 8x across cluster][0m
[36m(RayTrainWorker pid=3857892)[0m Reporting training result 432: TrainingReport(checkpoint=None, metrics={'loss': 0.04757218942046165, 'epoch': 431, 'iter': 10800}, validation_spec=None)[32m [repeated 8x across cluster][0m
[36m(RayTrainWorker pid=3857886)[0m Epoch: 431, Iter: 10800, Loss: 0.046274, Avg: 0.046584
[36m(RayTrainWorker pid=3857892)[0m Reporting training result 433: TrainingReport(checkpoint=None, metrics={'loss': 0.04715028688311577, 'epoch': 432, 'iter': 10825}, validation_spec=None)[32m [repeated 8x across cluster][0m
[36m(RayTrainWorker pid=3857892)[0m Reporting training result 434: TrainingReport(checkpoint=None, metrics={'loss': 0.046756237149238586, 'epoch': 433, 'iter': 10850}, validation_spec=None)[32m [repeated 8x across cluster][0m
[36m(RayTrainWorker pid=3857892)[0m Reporting training result 435: TrainingReport(checkpoint=None, metrics={'loss': 0.04775299936532974, 'epoch': 434, 'iter': 10875}, validation_spec=None)[32m [repeated 8x across cluster][0m
[36m(RayTrainWorker pid=3857892)[0m Reporting training result 436: TrainingReport(checkpoint=None, metrics={'loss': 0.04880752295255661, 'epoch': 435, 'iter': 10900}, validation_spec=None)[32m [repeated 8x across cluster][0m
[36m(RayTrainWorker pid=3857886)[0m Epoch: 435, Iter: 10900, Loss: 0.053009, Avg: 0.049058
[36m(RayTrainWorker pid=3857892)[0m Reporting training result 437: TrainingReport(checkpoint=None, metrics={'loss': 0.048599682301282886, 'epoch': 436, 'iter': 10925}, validation_spec=None)[32m [repeated 8x across cluster][0m
[36m(RayTrainWorker pid=3857892)[0m Reporting training result 438: TrainingReport(checkpoint=None, metrics={'loss': 0.048496099412441256, 'epoch': 437, 'iter': 10950}, validation_spec=None)[32m [repeated 8x across cluster][0m
[36m(RayTrainWorker pid=3857892)[0m Reporting training result 439: TrainingReport(checkpoint=None, metrics={'loss': 0.047421571314334866, 'epoch': 438, 'iter': 10975}, validation_spec=None)[32m [repeated 8x across cluster][0m
[36m(RayTrainWorker pid=3857886)[0m Epoch: 439, Iter: 11000, Loss: 0.044370, Avg: 0.046534
[36m(RayTrainWorker pid=3857888)[0m Reporting training result 439: TrainingReport(checkpoint=None, metrics={'loss': 0.04612823382019997, 'epoch': 438, 'iter': 10975}, validation_spec=None)[32m [repeated 7x across cluster][0m
[36m(RayTrainWorker pid=3857886)[0m Checkpoint successfully created at: Checkpoint(filesystem=local, path=/home/user/demo/review/ray_results/dit_training/checkpoint_2026-01-04_21-16-20.969517)
[36m(RayTrainWorker pid=3857886)[0m Reporting training result 440: TrainingReport(checkpoint=Checkpoint(filesystem=local, path=/home/user/demo/review/ray_results/dit_training/checkpoint_2026-01-04_21-16-20.969517), metrics={'loss': 0.046533783972263335, 'epoch': 439, 'iter': 11000}, validation_spec=None)
[36m(RayTrainWorker pid=3857886)[0m ✓ Checkpoint保存于 Epoch 439
[36m(RayTrainWorker pid=3857892)[0m Reporting training result 441: TrainingReport(checkpoint=None, metrics={'loss': 0.0476417076587677, 'epoch': 440, 'iter': 11025}, validation_spec=None)[32m [repeated 8x across cluster][0m
[36m(RayTrainWorker pid=3857892)[0m Reporting training result 442: TrainingReport(checkpoint=None, metrics={'loss': 0.049848702549934384, 'epoch': 441, 'iter': 11050}, validation_spec=None)[32m [repeated 8x across cluster][0m
[36m(RayTrainWorker pid=3857892)[0m Reporting training result 443: TrainingReport(checkpoint=None, metrics={'loss': 0.048784014284610745, 'epoch': 442, 'iter': 11075}, validation_spec=None)[32m [repeated 8x across cluster][0m
[36m(RayTrainWorker pid=3857892)[0m Reporting training result 444: TrainingReport(checkpoint=None, metrics={'loss': 0.048352175652980806, 'epoch': 443, 'iter': 11100}, validation_spec=None)[32m [repeated 8x across cluster][0m
[36m(RayTrainWorker pid=3857886)[0m Epoch: 443, Iter: 11100, Loss: 0.044141, Avg: 0.047722
[36m(RayTrainWorker pid=3857892)[0m Reporting training result 445: TrainingReport(checkpoint=None, metrics={'loss': 0.049481344819068906, 'epoch': 444, 'iter': 11125}, validation_spec=None)[32m [repeated 8x across cluster][0m
[36m(RayTrainWorker pid=3857892)[0m Reporting training result 446: TrainingReport(checkpoint=None, metrics={'loss': 0.04799115523695946, 'epoch': 445, 'iter': 11150}, validation_spec=None)[32m [repeated 8x across cluster][0m
[36m(RayTrainWorker pid=3857892)[0m Reporting training result 447: TrainingReport(checkpoint=None, metrics={'loss': 0.04780920475721359, 'epoch': 446, 'iter': 11175}, validation_spec=None)[32m [repeated 8x across cluster][0m
[36m(RayTrainWorker pid=3857892)[0m Reporting training result 448: TrainingReport(checkpoint=None, metrics={'loss': 0.049444702863693235, 'epoch': 447, 'iter': 11200}, validation_spec=None)[32m [repeated 8x across cluster][0m
[36m(RayTrainWorker pid=3857886)[0m Epoch: 447, Iter: 11200, Loss: 0.048588, Avg: 0.047783
[36m(RayTrainWorker pid=3857892)[0m Reporting training result 449: TrainingReport(checkpoint=None, metrics={'loss': 0.046420210152864454, 'epoch': 448, 'iter': 11225}, validation_spec=None)[32m [repeated 8x across cluster][0m
[36m(RayTrainWorker pid=3857892)[0m Reporting training result 450: TrainingReport(checkpoint=None, metrics={'loss': 0.04678010568022728, 'epoch': 449, 'iter': 11250}, validation_spec=None)[32m [repeated 8x across cluster][0m
[36m(RayTrainWorker pid=3857892)[0m Reporting training result 451: TrainingReport(checkpoint=None, metrics={'loss': 0.046221198439598085, 'epoch': 450, 'iter': 11275}, validation_spec=None)[32m [repeated 8x across cluster][0m
[36m(RayTrainWorker pid=3857886)[0m Epoch: 451, Iter: 11300, Loss: 0.046528, Avg: 0.046006
[36m(RayTrainWorker pid=3857888)[0m Reporting training result 451: TrainingReport(checkpoint=None, metrics={'loss': 0.045166243463754654, 'epoch': 450, 'iter': 11275}, validation_spec=None)[32m [repeated 7x across cluster][0m
[36m(RayTrainWorker pid=3857892)[0m Reporting training result 453: TrainingReport(checkpoint=None, metrics={'loss': 0.04654734566807747, 'epoch': 452, 'iter': 11325}, validation_spec=None)[32m [repeated 9x across cluster][0m
[36m(RayTrainWorker pid=3857892)[0m Reporting training result 454: TrainingReport(checkpoint=None, metrics={'loss': 0.0459814690053463, 'epoch': 453, 'iter': 11350}, validation_spec=None)[32m [repeated 8x across cluster][0m
[36m(RayTrainWorker pid=3857892)[0m Reporting training result 455: TrainingReport(checkpoint=None, metrics={'loss': 0.04771421775221825, 'epoch': 454, 'iter': 11375}, validation_spec=None)[32m [repeated 8x across cluster][0m
[36m(RayTrainWorker pid=3857892)[0m Reporting training result 456: TrainingReport(checkpoint=None, metrics={'loss': 0.04850582703948021, 'epoch': 455, 'iter': 11400}, validation_spec=None)[32m [repeated 8x across cluster][0m
[36m(RayTrainWorker pid=3857886)[0m Epoch: 455, Iter: 11400, Loss: 0.055174, Avg: 0.047404
[36m(RayTrainWorker pid=3857892)[0m Reporting training result 457: TrainingReport(checkpoint=None, metrics={'loss': 0.05023980557918548, 'epoch': 456, 'iter': 11425}, validation_spec=None)[32m [repeated 8x across cluster][0m
[36m(RayTrainWorker pid=3857892)[0m Reporting training result 458: TrainingReport(checkpoint=None, metrics={'loss': 0.04814642086625099, 'epoch': 457, 'iter': 11450}, validation_spec=None)[32m [repeated 8x across cluster][0m
[36m(RayTrainWorker pid=3857892)[0m Reporting training result 459: TrainingReport(checkpoint=None, metrics={'loss': 0.04795128658413887, 'epoch': 458, 'iter': 11475}, validation_spec=None)[32m [repeated 8x across cluster][0m
[36m(RayTrainWorker pid=3857886)[0m Epoch: 459, Iter: 11500, Loss: 0.047911, Avg: 0.048074
[36m(RayTrainWorker pid=3857888)[0m Reporting training result 459: TrainingReport(checkpoint=None, metrics={'loss': 0.04733584299683571, 'epoch': 458, 'iter': 11475}, validation_spec=None)[32m [repeated 7x across cluster][0m
[36m(RayTrainWorker pid=3857886)[0m Checkpoint successfully created at: Checkpoint(filesystem=local, path=/home/user/demo/review/ray_results/dit_training/checkpoint_2026-01-04_21-20-37.401341)
[36m(RayTrainWorker pid=3857886)[0m Reporting training result 460: TrainingReport(checkpoint=Checkpoint(filesystem=local, path=/home/user/demo/review/ray_results/dit_training/checkpoint_2026-01-04_21-20-37.401341), metrics={'loss': 0.04807414144277573, 'epoch': 459, 'iter': 11500}, validation_spec=None)
[36m(RayTrainWorker pid=3857886)[0m ✓ Checkpoint保存于 Epoch 459
[36m(RayTrainWorker pid=3857892)[0m Reporting training result 461: TrainingReport(checkpoint=None, metrics={'loss': 0.05067197322845459, 'epoch': 460, 'iter': 11525}, validation_spec=None)[32m [repeated 8x across cluster][0m
[36m(RayTrainWorker pid=3857892)[0m Reporting training result 462: TrainingReport(checkpoint=None, metrics={'loss': 0.04962862953543663, 'epoch': 461, 'iter': 11550}, validation_spec=None)[32m [repeated 8x across cluster][0m
[36m(RayTrainWorker pid=3857892)[0m Reporting training result 463: TrainingReport(checkpoint=None, metrics={'loss': 0.04822293967008591, 'epoch': 462, 'iter': 11575}, validation_spec=None)[32m [repeated 8x across cluster][0m
[36m(RayTrainWorker pid=3857892)[0m Reporting training result 464: TrainingReport(checkpoint=None, metrics={'loss': 0.04748371079564095, 'epoch': 463, 'iter': 11600}, validation_spec=None)[32m [repeated 8x across cluster][0m
[36m(RayTrainWorker pid=3857886)[0m Epoch: 463, Iter: 11600, Loss: 0.048303, Avg: 0.046847
[36m(RayTrainWorker pid=3857892)[0m Reporting training result 465: TrainingReport(checkpoint=None, metrics={'loss': 0.0463036984205246, 'epoch': 464, 'iter': 11625}, validation_spec=None)[32m [repeated 8x across cluster][0m
[36m(RayTrainWorker pid=3857892)[0m Reporting training result 466: TrainingReport(checkpoint=None, metrics={'loss': 0.0460392951965332, 'epoch': 465, 'iter': 11650}, validation_spec=None)[32m [repeated 8x across cluster][0m
[36m(RayTrainWorker pid=3857892)[0m Reporting training result 467: TrainingReport(checkpoint=None, metrics={'loss': 0.04707031801342964, 'epoch': 466, 'iter': 11675}, validation_spec=None)[32m [repeated 8x across cluster][0m
[36m(RayTrainWorker pid=3857886)[0m Epoch: 467, Iter: 11700, Loss: 0.049635, Avg: 0.047156
[36m(RayTrainWorker pid=3857888)[0m Reporting training result 467: TrainingReport(checkpoint=None, metrics={'loss': 0.046109562814235686, 'epoch': 466, 'iter': 11675}, validation_spec=None)[32m [repeated 7x across cluster][0m
[36m(RayTrainWorker pid=3857892)[0m Reporting training result 469: TrainingReport(checkpoint=None, metrics={'loss': 0.04619262233376503, 'epoch': 468, 'iter': 11725}, validation_spec=None)[32m [repeated 9x across cluster][0m
[36m(RayTrainWorker pid=3857892)[0m Reporting training result 470: TrainingReport(checkpoint=None, metrics={'loss': 0.04639307171106338, 'epoch': 469, 'iter': 11750}, validation_spec=None)[32m [repeated 8x across cluster][0m
[36m(RayTrainWorker pid=3857886)[0m Checkpoint successfully created at: Checkpoint(filesystem=local, path=/home/user/demo/review/ray_results/dit_training/checkpoint_2026-01-04_21-22-45.975106)
[36m(RayTrainWorker pid=3857886)[0m Reporting training result 470: TrainingReport(checkpoint=Checkpoint(filesystem=local, path=/home/user/demo/review/ray_results/dit_training/checkpoint_2026-01-04_21-22-45.975106), metrics={'loss': 0.045705155432224275, 'epoch': 469, 'iter': 11750}, validation_spec=None)
[36m(RayTrainWorker pid=3857886)[0m ✓ 新的最佳模型! Loss: 0.045705 (Epoch 469)
[36m(RayTrainWorker pid=3857892)[0m Reporting training result 471: TrainingReport(checkpoint=None, metrics={'loss': 0.04622529953718185, 'epoch': 470, 'iter': 11775}, validation_spec=None)[32m [repeated 7x across cluster][0m
[36m(RayTrainWorker pid=3857892)[0m Reporting training result 472: TrainingReport(checkpoint=None, metrics={'loss': 0.04678922012448311, 'epoch': 471, 'iter': 11800}, validation_spec=None)[32m [repeated 8x across cluster][0m
[36m(RayTrainWorker pid=3857886)[0m Epoch: 471, Iter: 11800, Loss: 0.050143, Avg: 0.045902
[36m(RayTrainWorker pid=3857892)[0m Reporting training result 473: TrainingReport(checkpoint=None, metrics={'loss': 0.04622198909521103, 'epoch': 472, 'iter': 11825}, validation_spec=None)[32m [repeated 8x across cluster][0m
[36m(RayTrainWorker pid=3857892)[0m Reporting training result 474: TrainingReport(checkpoint=None, metrics={'loss': 0.04662304624915123, 'epoch': 473, 'iter': 11850}, validation_spec=None)[32m [repeated 8x across cluster][0m
[36m(RayTrainWorker pid=3857892)[0m Reporting training result 475: TrainingReport(checkpoint=None, metrics={'loss': 0.04619754388928413, 'epoch': 474, 'iter': 11875}, validation_spec=None)[32m [repeated 8x across cluster][0m
[36m(RayTrainWorker pid=3857892)[0m Reporting training result 476: TrainingReport(checkpoint=None, metrics={'loss': 0.04599311351776123, 'epoch': 475, 'iter': 11900}, validation_spec=None)[32m [repeated 8x across cluster][0m
[36m(RayTrainWorker pid=3857886)[0m Epoch: 475, Iter: 11900, Loss: 0.048360, Avg: 0.046377
[36m(RayTrainWorker pid=3857892)[0m Reporting training result 477: TrainingReport(checkpoint=None, metrics={'loss': 0.0454892985522747, 'epoch': 476, 'iter': 11925}, validation_spec=None)[32m [repeated 8x across cluster][0m
[36m(RayTrainWorker pid=3857892)[0m Reporting training result 478: TrainingReport(checkpoint=None, metrics={'loss': 0.047242563515901566, 'epoch': 477, 'iter': 11950}, validation_spec=None)[32m [repeated 8x across cluster][0m
[36m(RayTrainWorker pid=3857886)[0m Reporting training result 479: TrainingReport(checkpoint=None, metrics={'loss': 0.04855903506278992, 'epoch': 478, 'iter': 11975}, validation_spec=None)[32m [repeated 8x across cluster][0m
[36m(RayTrainWorker pid=3857886)[0m Epoch: 479, Iter: 12000, Loss: 0.048177, Avg: 0.049974
[36m(RayTrainWorker pid=3857892)[0m Reporting training result 479: TrainingReport(checkpoint=None, metrics={'loss': 0.04827877372503281, 'epoch': 478, 'iter': 11975}, validation_spec=None)[32m [repeated 7x across cluster][0m
[36m(RayTrainWorker pid=3857886)[0m Checkpoint successfully created at: Checkpoint(filesystem=local, path=/home/user/demo/review/ray_results/dit_training/checkpoint_2026-01-04_21-24-54.620345)
[36m(RayTrainWorker pid=3857886)[0m Reporting training result 480: TrainingReport(checkpoint=Checkpoint(filesystem=local, path=/home/user/demo/review/ray_results/dit_training/checkpoint_2026-01-04_21-24-54.620345), metrics={'loss': 0.049974301308393476, 'epoch': 479, 'iter': 12000}, validation_spec=None)
[36m(RayTrainWorker pid=3857886)[0m ✓ Checkpoint保存于 Epoch 479
[36m(RayTrainWorker pid=3857892)[0m Reporting training result 481: TrainingReport(checkpoint=None, metrics={'loss': 0.047505414336919786, 'epoch': 480, 'iter': 12025}, validation_spec=None)[32m [repeated 8x across cluster][0m
[36m(RayTrainWorker pid=3857892)[0m Reporting training result 482: TrainingReport(checkpoint=None, metrics={'loss': 0.04680868849158287, 'epoch': 481, 'iter': 12050}, validation_spec=None)[32m [repeated 8x across cluster][0m
[36m(RayTrainWorker pid=3857892)[0m Reporting training result 483: TrainingReport(checkpoint=None, metrics={'loss': 0.046405514627695085, 'epoch': 482, 'iter': 12075}, validation_spec=None)[32m [repeated 8x across cluster][0m
[36m(RayTrainWorker pid=3857886)[0m Epoch: 483, Iter: 12100, Loss: 0.045213, Avg: 0.045380
[36m(RayTrainWorker pid=3857888)[0m Reporting training result 483: TrainingReport(checkpoint=None, metrics={'loss': 0.04680212944746018, 'epoch': 482, 'iter': 12075}, validation_spec=None)[32m [repeated 7x across cluster][0m
[36m(RayTrainWorker pid=3857886)[0m Checkpoint successfully created at: Checkpoint(filesystem=local, path=/home/user/demo/review/ray_results/dit_training/checkpoint_2026-01-04_21-25-46.390441)
[36m(RayTrainWorker pid=3857886)[0m Reporting training result 484: TrainingReport(checkpoint=Checkpoint(filesystem=local, path=/home/user/demo/review/ray_results/dit_training/checkpoint_2026-01-04_21-25-46.390441), metrics={'loss': 0.045379666090011594, 'epoch': 483, 'iter': 12100}, validation_spec=None)
[36m(RayTrainWorker pid=3857886)[0m ✓ 新的最佳模型! Loss: 0.045380 (Epoch 483)
[36m(RayTrainWorker pid=3857892)[0m Reporting training result 485: TrainingReport(checkpoint=None, metrics={'loss': 0.048536003977060316, 'epoch': 484, 'iter': 12125}, validation_spec=None)[32m [repeated 8x across cluster][0m
[36m(RayTrainWorker pid=3857892)[0m Reporting training result 486: TrainingReport(checkpoint=None, metrics={'loss': 0.0479562596976757, 'epoch': 485, 'iter': 12150}, validation_spec=None)[32m [repeated 8x across cluster][0m
[36m(RayTrainWorker pid=3857892)[0m Reporting training result 487: TrainingReport(checkpoint=None, metrics={'loss': 0.04782562181353569, 'epoch': 486, 'iter': 12175}, validation_spec=None)[32m [repeated 8x across cluster][0m
[36m(RayTrainWorker pid=3857892)[0m Reporting training result 488: TrainingReport(checkpoint=None, metrics={'loss': 0.047206259816885, 'epoch': 487, 'iter': 12200}, validation_spec=None)[32m [repeated 8x across cluster][0m
[36m(RayTrainWorker pid=3857886)[0m Epoch: 487, Iter: 12200, Loss: 0.045526, Avg: 0.047656
[36m(RayTrainWorker pid=3857892)[0m Reporting training result 489: TrainingReport(checkpoint=None, metrics={'loss': 0.047123358845710756, 'epoch': 488, 'iter': 12225}, validation_spec=None)[32m [repeated 8x across cluster][0m
[36m(RayTrainWorker pid=3857892)[0m Reporting training result 490: TrainingReport(checkpoint=None, metrics={'loss': 0.047335332781076433, 'epoch': 489, 'iter': 12250}, validation_spec=None)[32m [repeated 8x across cluster][0m
[36m(RayTrainWorker pid=3857892)[0m Reporting training result 491: TrainingReport(checkpoint=None, metrics={'loss': 0.046022959202528, 'epoch': 490, 'iter': 12275}, validation_spec=None)[32m [repeated 8x across cluster][0m
[36m(RayTrainWorker pid=3857886)[0m Epoch: 491, Iter: 12300, Loss: 0.052527, Avg: 0.047523
[36m(RayTrainWorker pid=3857888)[0m Reporting training result 491: TrainingReport(checkpoint=None, metrics={'loss': 0.04732816189527512, 'epoch': 490, 'iter': 12275}, validation_spec=None)[32m [repeated 7x across cluster][0m
[36m(RayTrainWorker pid=3857892)[0m Reporting training result 493: TrainingReport(checkpoint=None, metrics={'loss': 0.048040389120578765, 'epoch': 492, 'iter': 12325}, validation_spec=None)[32m [repeated 9x across cluster][0m
[36m(RayTrainWorker pid=3857892)[0m Reporting training result 494: TrainingReport(checkpoint=None, metrics={'loss': 0.04695160016417503, 'epoch': 493, 'iter': 12350}, validation_spec=None)[32m [repeated 8x across cluster][0m
[36m(RayTrainWorker pid=3857892)[0m Reporting training result 495: TrainingReport(checkpoint=None, metrics={'loss': 0.04703548133373261, 'epoch': 494, 'iter': 12375}, validation_spec=None)[32m [repeated 8x across cluster][0m
[36m(RayTrainWorker pid=3857892)[0m Reporting training result 496: TrainingReport(checkpoint=None, metrics={'loss': 0.04704538479447365, 'epoch': 495, 'iter': 12400}, validation_spec=None)[32m [repeated 8x across cluster][0m
[36m(RayTrainWorker pid=3857886)[0m Epoch: 495, Iter: 12400, Loss: 0.047435, Avg: 0.047099
[36m(RayTrainWorker pid=3857892)[0m Reporting training result 497: TrainingReport(checkpoint=None, metrics={'loss': 0.04595507025718689, 'epoch': 496, 'iter': 12425}, validation_spec=None)[32m [repeated 8x across cluster][0m
[36m(RayTrainWorker pid=3857892)[0m Reporting training result 498: TrainingReport(checkpoint=None, metrics={'loss': 0.04666339993476867, 'epoch': 497, 'iter': 12450}, validation_spec=None)[32m [repeated 8x across cluster][0m
[36m(RayTrainWorker pid=3857892)[0m Reporting training result 499: TrainingReport(checkpoint=None, metrics={'loss': 0.04567712634801865, 'epoch': 498, 'iter': 12475}, validation_spec=None)[32m [repeated 8x across cluster][0m
[36m(RayTrainWorker pid=3857886)[0m Epoch: 499, Iter: 12500, Loss: 0.047492, Avg: 0.046149
[36m(RayTrainWorker pid=3857888)[0m Reporting training result 499: TrainingReport(checkpoint=None, metrics={'loss': 0.04545286580920219, 'epoch': 498, 'iter': 12475}, validation_spec=None)[32m [repeated 7x across cluster][0m
[36m(RayTrainWorker pid=3857886)[0m Checkpoint successfully created at: Checkpoint(filesystem=local, path=/home/user/demo/review/ray_results/dit_training/checkpoint_2026-01-04_21-29-11.961023)
[36m(RayTrainWorker pid=3857886)[0m Reporting training result 500: TrainingReport(checkpoint=Checkpoint(filesystem=local, path=/home/user/demo/review/ray_results/dit_training/checkpoint_2026-01-04_21-29-11.961023), metrics={'loss': 0.04614910244941711, 'epoch': 499, 'iter': 12500}, validation_spec=None)
[36m(RayTrainWorker pid=3857886)[0m ✓ Checkpoint保存于 Epoch 499
[36m(RayTrainWorker pid=3857892)[0m Reporting training result 501: TrainingReport(checkpoint=None, metrics={'loss': 0.04584820419549942, 'epoch': 500, 'iter': 12525}, validation_spec=None)[32m [repeated 8x across cluster][0m
[36m(RayTrainWorker pid=3857892)[0m Reporting training result 502: TrainingReport(checkpoint=None, metrics={'loss': 0.046228256225585934, 'epoch': 501, 'iter': 12550}, validation_spec=None)[32m [repeated 8x across cluster][0m
[36m(RayTrainWorker pid=3857892)[0m Reporting training result 503: TrainingReport(checkpoint=None, metrics={'loss': 0.04761720597743988, 'epoch': 502, 'iter': 12575}, validation_spec=None)[32m [repeated 8x across cluster][0m
[36m(RayTrainWorker pid=3857892)[0m Reporting training result 504: TrainingReport(checkpoint=None, metrics={'loss': 0.04821420341730118, 'epoch': 503, 'iter': 12600}, validation_spec=None)[32m [repeated 8x across cluster][0m
[36m(RayTrainWorker pid=3857886)[0m Epoch: 503, Iter: 12600, Loss: 0.047647, Avg: 0.048723
[36m(RayTrainWorker pid=3857892)[0m Reporting training result 505: TrainingReport(checkpoint=None, metrics={'loss': 0.046301266849040984, 'epoch': 504, 'iter': 12625}, validation_spec=None)[32m [repeated 8x across cluster][0m
[36m(RayTrainWorker pid=3857892)[0m Reporting training result 506: TrainingReport(checkpoint=None, metrics={'loss': 0.045595336556434635, 'epoch': 505, 'iter': 12650}, validation_spec=None)[32m [repeated 8x across cluster][0m
[36m(RayTrainWorker pid=3857892)[0m Reporting training result 507: TrainingReport(checkpoint=None, metrics={'loss': 0.04812874510884285, 'epoch': 506, 'iter': 12675}, validation_spec=None)[32m [repeated 8x across cluster][0m
[36m(RayTrainWorker pid=3857892)[0m Reporting training result 508: TrainingReport(checkpoint=None, metrics={'loss': 0.048929229527711865, 'epoch': 507, 'iter': 12700}, validation_spec=None)[32m [repeated 8x across cluster][0m
[36m(RayTrainWorker pid=3857886)[0m Epoch: 507, Iter: 12700, Loss: 0.052407, Avg: 0.049351
[36m(RayTrainWorker pid=3857892)[0m Reporting training result 509: TrainingReport(checkpoint=None, metrics={'loss': 0.05017873778939247, 'epoch': 508, 'iter': 12725}, validation_spec=None)[32m [repeated 8x across cluster][0m
[36m(RayTrainWorker pid=3857892)[0m Reporting training result 510: TrainingReport(checkpoint=None, metrics={'loss': 0.04781635269522667, 'epoch': 509, 'iter': 12750}, validation_spec=None)[32m [repeated 8x across cluster][0m
[36m(RayTrainWorker pid=3857892)[0m Reporting training result 511: TrainingReport(checkpoint=None, metrics={'loss': 0.04697404831647873, 'epoch': 510, 'iter': 12775}, validation_spec=None)[32m [repeated 8x across cluster][0m
[36m(RayTrainWorker pid=3857892)[0m Reporting training result 512: TrainingReport(checkpoint=None, metrics={'loss': 0.04547637537121773, 'epoch': 511, 'iter': 12800}, validation_spec=None)[32m [repeated 8x across cluster][0m
[36m(RayTrainWorker pid=3857886)[0m Epoch: 511, Iter: 12800, Loss: 0.044456, Avg: 0.046782
[36m(RayTrainWorker pid=3857892)[0m Reporting training result 513: TrainingReport(checkpoint=None, metrics={'loss': 0.046463913321495055, 'epoch': 512, 'iter': 12825}, validation_spec=None)[32m [repeated 8x across cluster][0m
[36m(RayTrainWorker pid=3857892)[0m Reporting training result 514: TrainingReport(checkpoint=None, metrics={'loss': 0.05013673529028893, 'epoch': 513, 'iter': 12850}, validation_spec=None)[32m [repeated 8x across cluster][0m
[36m(RayTrainWorker pid=3857892)[0m Reporting training result 515: TrainingReport(checkpoint=None, metrics={'loss': 0.0502586941421032, 'epoch': 514, 'iter': 12875}, validation_spec=None)[32m [repeated 8x across cluster][0m
[36m(RayTrainWorker pid=3857892)[0m Reporting training result 516: TrainingReport(checkpoint=None, metrics={'loss': 0.05031988427042961, 'epoch': 515, 'iter': 12900}, validation_spec=None)[32m [repeated 8x across cluster][0m
[36m(RayTrainWorker pid=3857886)[0m Epoch: 515, Iter: 12900, Loss: 0.050974, Avg: 0.050451
[36m(RayTrainWorker pid=3857892)[0m Reporting training result 517: TrainingReport(checkpoint=None, metrics={'loss': 0.04882838100194931, 'epoch': 516, 'iter': 12925}, validation_spec=None)[32m [repeated 8x across cluster][0m
[36m(RayTrainWorker pid=3857892)[0m Reporting training result 518: TrainingReport(checkpoint=None, metrics={'loss': 0.04895259439945221, 'epoch': 517, 'iter': 12950}, validation_spec=None)[32m [repeated 8x across cluster][0m
[36m(RayTrainWorker pid=3857892)[0m Reporting training result 519: TrainingReport(checkpoint=None, metrics={'loss': 0.04826599523425102, 'epoch': 518, 'iter': 12975}, validation_spec=None)[32m [repeated 8x across cluster][0m
[36m(RayTrainWorker pid=3857886)[0m Epoch: 519, Iter: 13000, Loss: 0.049656, Avg: 0.048450
[36m(RayTrainWorker pid=3857888)[0m Reporting training result 519: TrainingReport(checkpoint=None, metrics={'loss': 0.04773025780916214, 'epoch': 518, 'iter': 12975}, validation_spec=None)[32m [repeated 7x across cluster][0m
[36m(RayTrainWorker pid=3857886)[0m Checkpoint successfully created at: Checkpoint(filesystem=local, path=/home/user/demo/review/ray_results/dit_training/checkpoint_2026-01-04_21-33-28.768770)
[36m(RayTrainWorker pid=3857886)[0m Reporting training result 520: TrainingReport(checkpoint=Checkpoint(filesystem=local, path=/home/user/demo/review/ray_results/dit_training/checkpoint_2026-01-04_21-33-28.768770), metrics={'loss': 0.048449648171663286, 'epoch': 519, 'iter': 13000}, validation_spec=None)
[36m(RayTrainWorker pid=3857886)[0m ✓ Checkpoint保存于 Epoch 519
[36m(RayTrainWorker pid=3857892)[0m Reporting training result 521: TrainingReport(checkpoint=None, metrics={'loss': 0.04927508652210236, 'epoch': 520, 'iter': 13025}, validation_spec=None)[32m [repeated 8x across cluster][0m
[36m(RayTrainWorker pid=3857892)[0m Reporting training result 522: TrainingReport(checkpoint=None, metrics={'loss': 0.04874105677008629, 'epoch': 521, 'iter': 13050}, validation_spec=None)[32m [repeated 8x across cluster][0m
[36m(RayTrainWorker pid=3857892)[0m Reporting training result 523: TrainingReport(checkpoint=None, metrics={'loss': 0.04700498551130295, 'epoch': 522, 'iter': 13075}, validation_spec=None)[32m [repeated 8x across cluster][0m
[36m(RayTrainWorker pid=3857892)[0m Reporting training result 524: TrainingReport(checkpoint=None, metrics={'loss': 0.04666271835565567, 'epoch': 523, 'iter': 13100}, validation_spec=None)[32m [repeated 8x across cluster][0m
[36m(RayTrainWorker pid=3857886)[0m Epoch: 523, Iter: 13100, Loss: 0.042232, Avg: 0.046514
[36m(RayTrainWorker pid=3857892)[0m Reporting training result 525: TrainingReport(checkpoint=None, metrics={'loss': 0.04776353627443314, 'epoch': 524, 'iter': 13125}, validation_spec=None)[32m [repeated 8x across cluster][0m
[36m(RayTrainWorker pid=3857892)[0m Reporting training result 526: TrainingReport(checkpoint=None, metrics={'loss': 0.047868146896362304, 'epoch': 525, 'iter': 13150}, validation_spec=None)[32m [repeated 8x across cluster][0m
[36m(RayTrainWorker pid=3857892)[0m Reporting training result 527: TrainingReport(checkpoint=None, metrics={'loss': 0.04865900412201882, 'epoch': 526, 'iter': 13175}, validation_spec=None)[32m [repeated 8x across cluster][0m
[36m(RayTrainWorker pid=3857892)[0m Reporting training result 528: TrainingReport(checkpoint=None, metrics={'loss': 0.04555675864219665, 'epoch': 527, 'iter': 13200}, validation_spec=None)[32m [repeated 8x across cluster][0m
[36m(RayTrainWorker pid=3857886)[0m Epoch: 527, Iter: 13200, Loss: 0.045574, Avg: 0.046251
[36m(RayTrainWorker pid=3857892)[0m Reporting training result 529: TrainingReport(checkpoint=None, metrics={'loss': 0.04562200039625168, 'epoch': 528, 'iter': 13225}, validation_spec=None)[32m [repeated 8x across cluster][0m
[36m(RayTrainWorker pid=3857886)[0m Checkpoint successfully created at: Checkpoint(filesystem=local, path=/home/user/demo/review/ray_results/dit_training/checkpoint_2026-01-04_21-35-24.671842)
[36m(RayTrainWorker pid=3857886)[0m Reporting training result 529: TrainingReport(checkpoint=Checkpoint(filesystem=local, path=/home/user/demo/review/ray_results/dit_training/checkpoint_2026-01-04_21-35-24.671842), metrics={'loss': 0.04532607704401016, 'epoch': 528, 'iter': 13225}, validation_spec=None)
[36m(RayTrainWorker pid=3857886)[0m ✓ 新的最佳模型! Loss: 0.045326 (Epoch 528)
[36m(RayTrainWorker pid=3857892)[0m Reporting training result 530: TrainingReport(checkpoint=None, metrics={'loss': 0.049029407650232316, 'epoch': 529, 'iter': 13250}, validation_spec=None)[32m [repeated 7x across cluster][0m
[36m(RayTrainWorker pid=3857892)[0m Reporting training result 531: TrainingReport(checkpoint=None, metrics={'loss': 0.04915141895413399, 'epoch': 530, 'iter': 13275}, validation_spec=None)[32m [repeated 8x across cluster][0m
[36m(RayTrainWorker pid=3857892)[0m Reporting training result 532: TrainingReport(checkpoint=None, metrics={'loss': 0.048388612568378446, 'epoch': 531, 'iter': 13300}, validation_spec=None)[32m [repeated 8x across cluster][0m
[36m(RayTrainWorker pid=3857886)[0m Epoch: 531, Iter: 13300, Loss: 0.047642, Avg: 0.048285
[36m(RayTrainWorker pid=3857892)[0m Reporting training result 533: TrainingReport(checkpoint=None, metrics={'loss': 0.047731767147779464, 'epoch': 532, 'iter': 13325}, validation_spec=None)[32m [repeated 8x across cluster][0m
[36m(RayTrainWorker pid=3857892)[0m Reporting training result 534: TrainingReport(checkpoint=None, metrics={'loss': 0.04586190372705459, 'epoch': 533, 'iter': 13350}, validation_spec=None)[32m [repeated 8x across cluster][0m
[36m(RayTrainWorker pid=3857892)[0m Reporting training result 535: TrainingReport(checkpoint=None, metrics={'loss': 0.04606190636754036, 'epoch': 534, 'iter': 13375}, validation_spec=None)[32m [repeated 8x across cluster][0m
[36m(RayTrainWorker pid=3857892)[0m Reporting training result 536: TrainingReport(checkpoint=None, metrics={'loss': 0.044186834692955014, 'epoch': 535, 'iter': 13400}, validation_spec=None)[32m [repeated 8x across cluster][0m
[36m(RayTrainWorker pid=3857886)[0m Epoch: 535, Iter: 13400, Loss: 0.042944, Avg: 0.045811
[36m(RayTrainWorker pid=3857892)[0m Reporting training result 537: TrainingReport(checkpoint=None, metrics={'loss': 0.044632095694541934, 'epoch': 536, 'iter': 13425}, validation_spec=None)[32m [repeated 8x across cluster][0m
[36m(RayTrainWorker pid=3857892)[0m Reporting training result 538: TrainingReport(checkpoint=None, metrics={'loss': 0.045112322568893436, 'epoch': 537, 'iter': 13450}, validation_spec=None)[32m [repeated 8x across cluster][0m
[36m(RayTrainWorker pid=3857892)[0m Reporting training result 539: TrainingReport(checkpoint=None, metrics={'loss': 0.04560625225305557, 'epoch': 538, 'iter': 13475}, validation_spec=None)[32m [repeated 8x across cluster][0m
[36m(RayTrainWorker pid=3857886)[0m Checkpoint successfully created at: Checkpoint(filesystem=local, path=/home/user/demo/review/ray_results/dit_training/checkpoint_2026-01-04_21-37-33.515280)
[36m(RayTrainWorker pid=3857886)[0m Reporting training result 539: TrainingReport(checkpoint=Checkpoint(filesystem=local, path=/home/user/demo/review/ray_results/dit_training/checkpoint_2026-01-04_21-37-33.515280), metrics={'loss': 0.0441205233335495, 'epoch': 538, 'iter': 13475}, validation_spec=None)
[36m(RayTrainWorker pid=3857886)[0m ✓ 新的最佳模型! Loss: 0.044121 (Epoch 538)
[36m(RayTrainWorker pid=3857886)[0m Epoch: 539, Iter: 13500, Loss: 0.043593, Avg: 0.045474
[36m(RayTrainWorker pid=3857888)[0m Reporting training result 539: TrainingReport(checkpoint=None, metrics={'loss': 0.04540497481822967, 'epoch': 538, 'iter': 13475}, validation_spec=None)[32m [repeated 6x across cluster][0m
[36m(RayTrainWorker pid=3857886)[0m Checkpoint successfully created at: Checkpoint(filesystem=local, path=/home/user/demo/review/ray_results/dit_training/checkpoint_2026-01-04_21-37-46.906442)
[36m(RayTrainWorker pid=3857886)[0m Reporting training result 540: TrainingReport(checkpoint=Checkpoint(filesystem=local, path=/home/user/demo/review/ray_results/dit_training/checkpoint_2026-01-04_21-37-46.906442), metrics={'loss': 0.045473896861076356, 'epoch': 539, 'iter': 13500}, validation_spec=None)
[36m(RayTrainWorker pid=3857886)[0m ✓ Checkpoint保存于 Epoch 539
[36m(RayTrainWorker pid=3857892)[0m Reporting training result 541: TrainingReport(checkpoint=None, metrics={'loss': 0.04615506306290627, 'epoch': 540, 'iter': 13525}, validation_spec=None)[32m [repeated 8x across cluster][0m
[36m(RayTrainWorker pid=3857892)[0m Reporting training result 542: TrainingReport(checkpoint=None, metrics={'loss': 0.0475283332169056, 'epoch': 541, 'iter': 13550}, validation_spec=None)[32m [repeated 8x across cluster][0m
[36m(RayTrainWorker pid=3857892)[0m Reporting training result 543: TrainingReport(checkpoint=None, metrics={'loss': 0.04663520067930221, 'epoch': 542, 'iter': 13575}, validation_spec=None)[32m [repeated 8x across cluster][0m
[36m(RayTrainWorker pid=3857892)[0m Reporting training result 544: TrainingReport(checkpoint=None, metrics={'loss': 0.046948825865983965, 'epoch': 543, 'iter': 13600}, validation_spec=None)[32m [repeated 8x across cluster][0m
[36m(RayTrainWorker pid=3857886)[0m Epoch: 543, Iter: 13600, Loss: 0.042270, Avg: 0.046535
[36m(RayTrainWorker pid=3857892)[0m Reporting training result 545: TrainingReport(checkpoint=None, metrics={'loss': 0.04588559553027153, 'epoch': 544, 'iter': 13625}, validation_spec=None)[32m [repeated 8x across cluster][0m
[36m(RayTrainWorker pid=3857892)[0m Reporting training result 546: TrainingReport(checkpoint=None, metrics={'loss': 0.04771497070789337, 'epoch': 545, 'iter': 13650}, validation_spec=None)[32m [repeated 8x across cluster][0m
[36m(RayTrainWorker pid=3857892)[0m Reporting training result 547: TrainingReport(checkpoint=None, metrics={'loss': 0.046871622800827024, 'epoch': 546, 'iter': 13675}, validation_spec=None)[32m [repeated 8x across cluster][0m
[36m(RayTrainWorker pid=3857892)[0m Reporting training result 548: TrainingReport(checkpoint=None, metrics={'loss': 0.047356386482715604, 'epoch': 547, 'iter': 13700}, validation_spec=None)[32m [repeated 8x across cluster][0m
[36m(RayTrainWorker pid=3857886)[0m Epoch: 547, Iter: 13700, Loss: 0.045695, Avg: 0.047882
[36m(RayTrainWorker pid=3857892)[0m Reporting training result 549: TrainingReport(checkpoint=None, metrics={'loss': 0.04660055279731751, 'epoch': 548, 'iter': 13725}, validation_spec=None)[32m [repeated 8x across cluster][0m
[36m(RayTrainWorker pid=3857892)[0m Reporting training result 550: TrainingReport(checkpoint=None, metrics={'loss': 0.04643170297145843, 'epoch': 549, 'iter': 13750}, validation_spec=None)[32m [repeated 8x across cluster][0m
[36m(RayTrainWorker pid=3857892)[0m Reporting training result 551: TrainingReport(checkpoint=None, metrics={'loss': 0.046828533411026003, 'epoch': 550, 'iter': 13775}, validation_spec=None)[32m [repeated 8x across cluster][0m
[36m(RayTrainWorker pid=3857892)[0m Reporting training result 552: TrainingReport(checkpoint=None, metrics={'loss': 0.04956081390380859, 'epoch': 551, 'iter': 13800}, validation_spec=None)[32m [repeated 8x across cluster][0m
[36m(RayTrainWorker pid=3857886)[0m Epoch: 551, Iter: 13800, Loss: 0.051412, Avg: 0.048290
[36m(RayTrainWorker pid=3857892)[0m Reporting training result 553: TrainingReport(checkpoint=None, metrics={'loss': 0.04887241095304489, 'epoch': 552, 'iter': 13825}, validation_spec=None)[32m [repeated 8x across cluster][0m
[36m(RayTrainWorker pid=3857892)[0m Reporting training result 554: TrainingReport(checkpoint=None, metrics={'loss': 0.047302405685186386, 'epoch': 553, 'iter': 13850}, validation_spec=None)[32m [repeated 8x across cluster][0m
[36m(RayTrainWorker pid=3857892)[0m Reporting training result 555: TrainingReport(checkpoint=None, metrics={'loss': 0.04781556248664856, 'epoch': 554, 'iter': 13875}, validation_spec=None)[32m [repeated 8x across cluster][0m
[36m(RayTrainWorker pid=3857892)[0m Reporting training result 556: TrainingReport(checkpoint=None, metrics={'loss': 0.04810347408056259, 'epoch': 555, 'iter': 13900}, validation_spec=None)[32m [repeated 8x across cluster][0m
[36m(RayTrainWorker pid=3857886)[0m Epoch: 555, Iter: 13900, Loss: 0.048873, Avg: 0.047367
[36m(RayTrainWorker pid=3857892)[0m Reporting training result 557: TrainingReport(checkpoint=None, metrics={'loss': 0.04769734635949135, 'epoch': 556, 'iter': 13925}, validation_spec=None)[32m [repeated 8x across cluster][0m
[36m(RayTrainWorker pid=3857892)[0m Reporting training result 558: TrainingReport(checkpoint=None, metrics={'loss': 0.04693818002939224, 'epoch': 557, 'iter': 13950}, validation_spec=None)[32m [repeated 8x across cluster][0m
[36m(RayTrainWorker pid=3857892)[0m Reporting training result 559: TrainingReport(checkpoint=None, metrics={'loss': 0.0460526941716671, 'epoch': 558, 'iter': 13975}, validation_spec=None)[32m [repeated 8x across cluster][0m
[36m(RayTrainWorker pid=3857886)[0m Epoch: 559, Iter: 14000, Loss: 0.045484, Avg: 0.046150
[36m(RayTrainWorker pid=3857888)[0m Reporting training result 559: TrainingReport(checkpoint=None, metrics={'loss': 0.04683930844068527, 'epoch': 558, 'iter': 13975}, validation_spec=None)[32m [repeated 7x across cluster][0m
[36m(RayTrainWorker pid=3857886)[0m Checkpoint successfully created at: Checkpoint(filesystem=local, path=/home/user/demo/review/ray_results/dit_training/checkpoint_2026-01-04_21-42-04.034487)
[36m(RayTrainWorker pid=3857886)[0m Reporting training result 560: TrainingReport(checkpoint=Checkpoint(filesystem=local, path=/home/user/demo/review/ray_results/dit_training/checkpoint_2026-01-04_21-42-04.034487), metrics={'loss': 0.046149938106536864, 'epoch': 559, 'iter': 14000}, validation_spec=None)
[36m(RayTrainWorker pid=3857886)[0m ✓ Checkpoint保存于 Epoch 559
[36m(RayTrainWorker pid=3857892)[0m Reporting training result 561: TrainingReport(checkpoint=None, metrics={'loss': 0.045715555697679516, 'epoch': 560, 'iter': 14025}, validation_spec=None)[32m [repeated 8x across cluster][0m
[36m(RayTrainWorker pid=3857892)[0m Reporting training result 562: TrainingReport(checkpoint=None, metrics={'loss': 0.045692420154809954, 'epoch': 561, 'iter': 14050}, validation_spec=None)[32m [repeated 8x across cluster][0m
[36m(RayTrainWorker pid=3857892)[0m Reporting training result 563: TrainingReport(checkpoint=None, metrics={'loss': 0.04576810210943222, 'epoch': 562, 'iter': 14075}, validation_spec=None)[32m [repeated 8x across cluster][0m
[36m(RayTrainWorker pid=3857892)[0m Reporting training result 564: TrainingReport(checkpoint=None, metrics={'loss': 0.046122165322303774, 'epoch': 563, 'iter': 14100}, validation_spec=None)[32m [repeated 8x across cluster][0m
[36m(RayTrainWorker pid=3857886)[0m Epoch: 563, Iter: 14100, Loss: 0.042264, Avg: 0.046297
[36m(RayTrainWorker pid=3857892)[0m Reporting training result 565: TrainingReport(checkpoint=None, metrics={'loss': 0.04746426820755005, 'epoch': 564, 'iter': 14125}, validation_spec=None)[32m [repeated 8x across cluster][0m
[36m(RayTrainWorker pid=3857892)[0m Reporting training result 566: TrainingReport(checkpoint=None, metrics={'loss': 0.046333198696374894, 'epoch': 565, 'iter': 14150}, validation_spec=None)[32m [repeated 8x across cluster][0m
[36m(RayTrainWorker pid=3857892)[0m Reporting training result 567: TrainingReport(checkpoint=None, metrics={'loss': 0.04547651946544647, 'epoch': 566, 'iter': 14175}, validation_spec=None)[32m [repeated 8x across cluster][0m
[36m(RayTrainWorker pid=3857892)[0m Reporting training result 568: TrainingReport(checkpoint=None, metrics={'loss': 0.046278780698776244, 'epoch': 567, 'iter': 14200}, validation_spec=None)[32m [repeated 8x across cluster][0m
[36m(RayTrainWorker pid=3857886)[0m Epoch: 567, Iter: 14200, Loss: 0.047255, Avg: 0.046560
[36m(RayTrainWorker pid=3857892)[0m Reporting training result 569: TrainingReport(checkpoint=None, metrics={'loss': 0.04559461146593094, 'epoch': 568, 'iter': 14225}, validation_spec=None)[32m [repeated 8x across cluster][0m
[36m(RayTrainWorker pid=3857892)[0m Reporting training result 570: TrainingReport(checkpoint=None, metrics={'loss': 0.046310093849897385, 'epoch': 569, 'iter': 14250}, validation_spec=None)[32m [repeated 8x across cluster][0m
[36m(RayTrainWorker pid=3857892)[0m Reporting training result 571: TrainingReport(checkpoint=None, metrics={'loss': 0.045930092632770536, 'epoch': 570, 'iter': 14275}, validation_spec=None)[32m [repeated 8x across cluster][0m
[36m(RayTrainWorker pid=3857892)[0m Reporting training result 572: TrainingReport(checkpoint=None, metrics={'loss': 0.04730281576514244, 'epoch': 571, 'iter': 14300}, validation_spec=None)[32m [repeated 8x across cluster][0m
[36m(RayTrainWorker pid=3857886)[0m Epoch: 571, Iter: 14300, Loss: 0.045142, Avg: 0.047254
[36m(RayTrainWorker pid=3857892)[0m Reporting training result 573: TrainingReport(checkpoint=None, metrics={'loss': 0.047679480910301206, 'epoch': 572, 'iter': 14325}, validation_spec=None)[32m [repeated 8x across cluster][0m
[36m(RayTrainWorker pid=3857892)[0m Reporting training result 574: TrainingReport(checkpoint=None, metrics={'loss': 0.04685819059610367, 'epoch': 573, 'iter': 14350}, validation_spec=None)[32m [repeated 8x across cluster][0m
[36m(RayTrainWorker pid=3857892)[0m Reporting training result 575: TrainingReport(checkpoint=None, metrics={'loss': 0.0469230055809021, 'epoch': 574, 'iter': 14375}, validation_spec=None)[32m [repeated 8x across cluster][0m
[36m(RayTrainWorker pid=3857892)[0m Reporting training result 576: TrainingReport(checkpoint=None, metrics={'loss': 0.04489148244261742, 'epoch': 575, 'iter': 14400}, validation_spec=None)[32m [repeated 8x across cluster][0m
[36m(RayTrainWorker pid=3857886)[0m Epoch: 575, Iter: 14400, Loss: 0.042145, Avg: 0.045300
[36m(RayTrainWorker pid=3857892)[0m Reporting training result 577: TrainingReport(checkpoint=None, metrics={'loss': 0.04562961623072624, 'epoch': 576, 'iter': 14425}, validation_spec=None)[32m [repeated 8x across cluster][0m
[36m(RayTrainWorker pid=3857892)[0m Reporting training result 578: TrainingReport(checkpoint=None, metrics={'loss': 0.046721273958683016, 'epoch': 577, 'iter': 14450}, validation_spec=None)[32m [repeated 8x across cluster][0m
[36m(RayTrainWorker pid=3857892)[0m Reporting training result 579: TrainingReport(checkpoint=None, metrics={'loss': 0.04713878914713859, 'epoch': 578, 'iter': 14475}, validation_spec=None)[32m [repeated 8x across cluster][0m
[36m(RayTrainWorker pid=3857886)[0m Epoch: 579, Iter: 14500, Loss: 0.047631, Avg: 0.046948
[36m(RayTrainWorker pid=3857888)[0m Reporting training result 579: TrainingReport(checkpoint=None, metrics={'loss': 0.04580931037664413, 'epoch': 578, 'iter': 14475}, validation_spec=None)[32m [repeated 7x across cluster][0m
[36m(RayTrainWorker pid=3857886)[0m Checkpoint successfully created at: Checkpoint(filesystem=local, path=/home/user/demo/review/ray_results/dit_training/checkpoint_2026-01-04_21-46-21.304598)
[36m(RayTrainWorker pid=3857886)[0m Reporting training result 580: TrainingReport(checkpoint=Checkpoint(filesystem=local, path=/home/user/demo/review/ray_results/dit_training/checkpoint_2026-01-04_21-46-21.304598), metrics={'loss': 0.04694786176085472, 'epoch': 579, 'iter': 14500}, validation_spec=None)
[36m(RayTrainWorker pid=3857886)[0m ✓ Checkpoint保存于 Epoch 579
[36m(RayTrainWorker pid=3857892)[0m Reporting training result 581: TrainingReport(checkpoint=None, metrics={'loss': 0.04632164835929871, 'epoch': 580, 'iter': 14525}, validation_spec=None)[32m [repeated 8x across cluster][0m
[36m(RayTrainWorker pid=3857892)[0m Reporting training result 582: TrainingReport(checkpoint=None, metrics={'loss': 0.045948807150125504, 'epoch': 581, 'iter': 14550}, validation_spec=None)[32m [repeated 8x across cluster][0m
[36m(RayTrainWorker pid=3857892)[0m Reporting training result 583: TrainingReport(checkpoint=None, metrics={'loss': 0.04553379759192467, 'epoch': 582, 'iter': 14575}, validation_spec=None)[32m [repeated 8x across cluster][0m
[36m(RayTrainWorker pid=3857892)[0m Reporting training result 584: TrainingReport(checkpoint=None, metrics={'loss': 0.045553091913461685, 'epoch': 583, 'iter': 14600}, validation_spec=None)[32m [repeated 8x across cluster][0m
[36m(RayTrainWorker pid=3857886)[0m Epoch: 583, Iter: 14600, Loss: 0.041779, Avg: 0.045598
[36m(RayTrainWorker pid=3857892)[0m Reporting training result 585: TrainingReport(checkpoint=None, metrics={'loss': 0.04446426555514336, 'epoch': 584, 'iter': 14625}, validation_spec=None)[32m [repeated 8x across cluster][0m
[36m(RayTrainWorker pid=3857892)[0m Reporting training result 586: TrainingReport(checkpoint=None, metrics={'loss': 0.046838071793317795, 'epoch': 585, 'iter': 14650}, validation_spec=None)[32m [repeated 8x across cluster][0m
[36m(RayTrainWorker pid=3857892)[0m Reporting training result 587: TrainingReport(checkpoint=None, metrics={'loss': 0.04632465988397598, 'epoch': 586, 'iter': 14675}, validation_spec=None)[32m [repeated 8x across cluster][0m
[36m(RayTrainWorker pid=3857892)[0m Reporting training result 588: TrainingReport(checkpoint=None, metrics={'loss': 0.04675748154520989, 'epoch': 587, 'iter': 14700}, validation_spec=None)[32m [repeated 8x across cluster][0m
[36m(RayTrainWorker pid=3857886)[0m Epoch: 587, Iter: 14700, Loss: 0.045842, Avg: 0.046445
[36m(RayTrainWorker pid=3857892)[0m Reporting training result 589: TrainingReport(checkpoint=None, metrics={'loss': 0.04631107732653618, 'epoch': 588, 'iter': 14725}, validation_spec=None)[32m [repeated 8x across cluster][0m
[36m(RayTrainWorker pid=3857892)[0m Reporting training result 590: TrainingReport(checkpoint=None, metrics={'loss': 0.047744738757610324, 'epoch': 589, 'iter': 14750}, validation_spec=None)[32m [repeated 8x across cluster][0m
[36m(RayTrainWorker pid=3857892)[0m Reporting training result 591: TrainingReport(checkpoint=None, metrics={'loss': 0.04556720852851868, 'epoch': 590, 'iter': 14775}, validation_spec=None)[32m [repeated 8x across cluster][0m
[36m(RayTrainWorker pid=3857892)[0m Reporting training result 592: TrainingReport(checkpoint=None, metrics={'loss': 0.04596615865826607, 'epoch': 591, 'iter': 14800}, validation_spec=None)[32m [repeated 8x across cluster][0m
[36m(RayTrainWorker pid=3857886)[0m Epoch: 591, Iter: 14800, Loss: 0.043538, Avg: 0.045249
[36m(RayTrainWorker pid=3857892)[0m Reporting training result 593: TrainingReport(checkpoint=None, metrics={'loss': 0.045615819096565244, 'epoch': 592, 'iter': 14825}, validation_spec=None)[32m [repeated 8x across cluster][0m
[36m(RayTrainWorker pid=3857892)[0m Reporting training result 594: TrainingReport(checkpoint=None, metrics={'loss': 0.04698762714862823, 'epoch': 593, 'iter': 14850}, validation_spec=None)[32m [repeated 8x across cluster][0m
[36m(RayTrainWorker pid=3857892)[0m Reporting training result 595: TrainingReport(checkpoint=None, metrics={'loss': 0.048956398665904996, 'epoch': 594, 'iter': 14875}, validation_spec=None)[32m [repeated 8x across cluster][0m
[36m(RayTrainWorker pid=3857892)[0m Reporting training result 596: TrainingReport(checkpoint=None, metrics={'loss': 0.04812052115797996, 'epoch': 595, 'iter': 14900}, validation_spec=None)[32m [repeated 8x across cluster][0m
[36m(RayTrainWorker pid=3857886)[0m Epoch: 595, Iter: 14900, Loss: 0.048779, Avg: 0.048814
[36m(RayTrainWorker pid=3857892)[0m Reporting training result 597: TrainingReport(checkpoint=None, metrics={'loss': 0.046556318402290346, 'epoch': 596, 'iter': 14925}, validation_spec=None)[32m [repeated 8x across cluster][0m
[36m(RayTrainWorker pid=3857892)[0m Reporting training result 598: TrainingReport(checkpoint=None, metrics={'loss': 0.04695037364959717, 'epoch': 597, 'iter': 14950}, validation_spec=None)[32m [repeated 8x across cluster][0m
[36m(RayTrainWorker pid=3857892)[0m Reporting training result 599: TrainingReport(checkpoint=None, metrics={'loss': 0.045640896409749984, 'epoch': 598, 'iter': 14975}, validation_spec=None)[32m [repeated 8x across cluster][0m
[36m(RayTrainWorker pid=3857886)[0m Epoch: 599, Iter: 15000, Loss: 0.043799, Avg: 0.045919
[36m(RayTrainWorker pid=3857888)[0m Reporting training result 599: TrainingReport(checkpoint=None, metrics={'loss': 0.04633397340774536, 'epoch': 598, 'iter': 14975}, validation_spec=None)[32m [repeated 7x across cluster][0m
[36m(RayTrainWorker pid=3857886)[0m Checkpoint successfully created at: Checkpoint(filesystem=local, path=/home/user/demo/review/ray_results/dit_training/checkpoint_2026-01-04_21-50-38.613843)
[36m(RayTrainWorker pid=3857886)[0m Reporting training result 600: TrainingReport(checkpoint=Checkpoint(filesystem=local, path=/home/user/demo/review/ray_results/dit_training/checkpoint_2026-01-04_21-50-38.613843), metrics={'loss': 0.04591894686222076, 'epoch': 599, 'iter': 15000}, validation_spec=None)
[36m(RayTrainWorker pid=3857886)[0m ✓ Checkpoint保存于 Epoch 599
[36m(RayTrainWorker pid=3857892)[0m Reporting training result 601: TrainingReport(checkpoint=None, metrics={'loss': 0.045745844542980196, 'epoch': 600, 'iter': 15025}, validation_spec=None)[32m [repeated 8x across cluster][0m
[36m(RayTrainWorker pid=3857892)[0m Reporting training result 602: TrainingReport(checkpoint=None, metrics={'loss': 0.045187808573246, 'epoch': 601, 'iter': 15050}, validation_spec=None)[32m [repeated 8x across cluster][0m
[36m(RayTrainWorker pid=3857892)[0m Reporting training result 603: TrainingReport(checkpoint=None, metrics={'loss': 0.04312553942203522, 'epoch': 602, 'iter': 15075}, validation_spec=None)[32m [repeated 8x across cluster][0m
[36m(RayTrainWorker pid=3857886)[0m Checkpoint successfully created at: Checkpoint(filesystem=local, path=/home/user/demo/review/ray_results/dit_training/checkpoint_2026-01-04_21-51-17.685971)
[36m(RayTrainWorker pid=3857886)[0m Reporting training result 603: TrainingReport(checkpoint=Checkpoint(filesystem=local, path=/home/user/demo/review/ray_results/dit_training/checkpoint_2026-01-04_21-51-17.685971), metrics={'loss': 0.04394509121775627, 'epoch': 602, 'iter': 15075}, validation_spec=None)
[36m(RayTrainWorker pid=3857886)[0m ✓ 新的最佳模型! Loss: 0.043945 (Epoch 602)
[36m(RayTrainWorker pid=3857892)[0m Reporting training result 604: TrainingReport(checkpoint=None, metrics={'loss': 0.045148927718400955, 'epoch': 603, 'iter': 15100}, validation_spec=None)[32m [repeated 7x across cluster][0m
[36m(RayTrainWorker pid=3857886)[0m Epoch: 603, Iter: 15100, Loss: 0.040739, Avg: 0.044604
[36m(RayTrainWorker pid=3857892)[0m Reporting training result 605: TrainingReport(checkpoint=None, metrics={'loss': 0.045029766112566, 'epoch': 604, 'iter': 15125}, validation_spec=None)[32m [repeated 8x across cluster][0m
[36m(RayTrainWorker pid=3857892)[0m Reporting training result 606: TrainingReport(checkpoint=None, metrics={'loss': 0.04583925724029541, 'epoch': 605, 'iter': 15150}, validation_spec=None)[32m [repeated 8x across cluster][0m
[36m(RayTrainWorker pid=3857892)[0m Reporting training result 607: TrainingReport(checkpoint=None, metrics={'loss': 0.04526342615485191, 'epoch': 606, 'iter': 15175}, validation_spec=None)[32m [repeated 8x across cluster][0m
[36m(RayTrainWorker pid=3857886)[0m Epoch: 607, Iter: 15200, Loss: 0.043764, Avg: 0.045309
[36m(RayTrainWorker pid=3857888)[0m Reporting training result 607: TrainingReport(checkpoint=None, metrics={'loss': 0.04493358865380287, 'epoch': 606, 'iter': 15175}, validation_spec=None)[32m [repeated 7x across cluster][0m
[36m(RayTrainWorker pid=3857892)[0m Reporting training result 609: TrainingReport(checkpoint=None, metrics={'loss': 0.04604973807930946, 'epoch': 608, 'iter': 15225}, validation_spec=None)[32m [repeated 9x across cluster][0m
[36m(RayTrainWorker pid=3857892)[0m Reporting training result 610: TrainingReport(checkpoint=None, metrics={'loss': 0.046425553411245345, 'epoch': 609, 'iter': 15250}, validation_spec=None)[32m [repeated 8x across cluster][0m
[36m(RayTrainWorker pid=3857892)[0m Reporting training result 611: TrainingReport(checkpoint=None, metrics={'loss': 0.04591942548751831, 'epoch': 610, 'iter': 15275}, validation_spec=None)[32m [repeated 8x across cluster][0m
[36m(RayTrainWorker pid=3857892)[0m Reporting training result 612: TrainingReport(checkpoint=None, metrics={'loss': 0.045973796546459195, 'epoch': 611, 'iter': 15300}, validation_spec=None)[32m [repeated 8x across cluster][0m
[36m(RayTrainWorker pid=3857886)[0m Epoch: 611, Iter: 15300, Loss: 0.047113, Avg: 0.045544
[36m(RayTrainWorker pid=3857892)[0m Reporting training result 613: TrainingReport(checkpoint=None, metrics={'loss': 0.04625592082738876, 'epoch': 612, 'iter': 15325}, validation_spec=None)[32m [repeated 8x across cluster][0m
[36m(RayTrainWorker pid=3857892)[0m Reporting training result 614: TrainingReport(checkpoint=None, metrics={'loss': 0.04610957980155945, 'epoch': 613, 'iter': 15350}, validation_spec=None)[32m [repeated 8x across cluster][0m
[36m(RayTrainWorker pid=3857892)[0m Reporting training result 615: TrainingReport(checkpoint=None, metrics={'loss': 0.045650801807641986, 'epoch': 614, 'iter': 15375}, validation_spec=None)[32m [repeated 8x across cluster][0m
[36m(RayTrainWorker pid=3857892)[0m Reporting training result 616: TrainingReport(checkpoint=None, metrics={'loss': 0.04670226886868477, 'epoch': 615, 'iter': 15400}, validation_spec=None)[32m [repeated 8x across cluster][0m
[36m(RayTrainWorker pid=3857886)[0m Epoch: 615, Iter: 15400, Loss: 0.046360, Avg: 0.046997
[36m(RayTrainWorker pid=3857892)[0m Reporting training result 617: TrainingReport(checkpoint=None, metrics={'loss': 0.04585999369621277, 'epoch': 616, 'iter': 15425}, validation_spec=None)[32m [repeated 8x across cluster][0m
[36m(RayTrainWorker pid=3857892)[0m Reporting training result 618: TrainingReport(checkpoint=None, metrics={'loss': 0.045861023515462875, 'epoch': 617, 'iter': 15450}, validation_spec=None)[32m [repeated 8x across cluster][0m
[36m(RayTrainWorker pid=3857892)[0m Reporting training result 619: TrainingReport(checkpoint=None, metrics={'loss': 0.0455907666683197, 'epoch': 618, 'iter': 15475}, validation_spec=None)[32m [repeated 8x across cluster][0m
[36m(RayTrainWorker pid=3857886)[0m Epoch: 619, Iter: 15500, Loss: 0.049121, Avg: 0.047102
[36m(RayTrainWorker pid=3857888)[0m Reporting training result 619: TrainingReport(checkpoint=None, metrics={'loss': 0.04554292559623718, 'epoch': 618, 'iter': 15475}, validation_spec=None)[32m [repeated 7x across cluster][0m
[36m(RayTrainWorker pid=3857886)[0m Checkpoint successfully created at: Checkpoint(filesystem=local, path=/home/user/demo/review/ray_results/dit_training/checkpoint_2026-01-04_21-54-56.644131)
[36m(RayTrainWorker pid=3857886)[0m Reporting training result 620: TrainingReport(checkpoint=Checkpoint(filesystem=local, path=/home/user/demo/review/ray_results/dit_training/checkpoint_2026-01-04_21-54-56.644131), metrics={'loss': 0.04710173562169075, 'epoch': 619, 'iter': 15500}, validation_spec=None)
[36m(RayTrainWorker pid=3857886)[0m ✓ Checkpoint保存于 Epoch 619
[36m(RayTrainWorker pid=3857892)[0m Reporting training result 621: TrainingReport(checkpoint=None, metrics={'loss': 0.04490054652094841, 'epoch': 620, 'iter': 15525}, validation_spec=None)[32m [repeated 8x across cluster][0m
[36m(RayTrainWorker pid=3857892)[0m Reporting training result 622: TrainingReport(checkpoint=None, metrics={'loss': 0.046390252709388735, 'epoch': 621, 'iter': 15550}, validation_spec=None)[32m [repeated 8x across cluster][0m
[36m(RayTrainWorker pid=3857892)[0m Reporting training result 623: TrainingReport(checkpoint=None, metrics={'loss': 0.04647017300128937, 'epoch': 622, 'iter': 15575}, validation_spec=None)[32m [repeated 8x across cluster][0m
[36m(RayTrainWorker pid=3857892)[0m Reporting training result 624: TrainingReport(checkpoint=None, metrics={'loss': 0.04834471225738526, 'epoch': 623, 'iter': 15600}, validation_spec=None)[32m [repeated 8x across cluster][0m
[36m(RayTrainWorker pid=3857886)[0m Epoch: 623, Iter: 15600, Loss: 0.052043, Avg: 0.048587
[36m(RayTrainWorker pid=3857892)[0m Reporting training result 625: TrainingReport(checkpoint=None, metrics={'loss': 0.04885155439376831, 'epoch': 624, 'iter': 15625}, validation_spec=None)[32m [repeated 8x across cluster][0m
[36m(RayTrainWorker pid=3857892)[0m Reporting training result 626: TrainingReport(checkpoint=None, metrics={'loss': 0.04728761076927185, 'epoch': 625, 'iter': 15650}, validation_spec=None)[32m [repeated 8x across cluster][0m
[36m(RayTrainWorker pid=3857892)[0m Reporting training result 627: TrainingReport(checkpoint=None, metrics={'loss': 0.04814370319247246, 'epoch': 626, 'iter': 15675}, validation_spec=None)[32m [repeated 8x across cluster][0m
[36m(RayTrainWorker pid=3857892)[0m Reporting training result 628: TrainingReport(checkpoint=None, metrics={'loss': 0.04719769731163979, 'epoch': 627, 'iter': 15700}, validation_spec=None)[32m [repeated 8x across cluster][0m
[36m(RayTrainWorker pid=3857886)[0m Epoch: 627, Iter: 15700, Loss: 0.054156, Avg: 0.047156
[36m(RayTrainWorker pid=3857892)[0m Reporting training result 629: TrainingReport(checkpoint=None, metrics={'loss': 0.04675830543041229, 'epoch': 628, 'iter': 15725}, validation_spec=None)[32m [repeated 8x across cluster][0m
[36m(RayTrainWorker pid=3857892)[0m Reporting training result 630: TrainingReport(checkpoint=None, metrics={'loss': 0.045649606734514236, 'epoch': 629, 'iter': 15750}, validation_spec=None)[32m [repeated 8x across cluster][0m
[36m(RayTrainWorker pid=3857892)[0m Reporting training result 631: TrainingReport(checkpoint=None, metrics={'loss': 0.04596143156290054, 'epoch': 630, 'iter': 15775}, validation_spec=None)[32m [repeated 8x across cluster][0m
[36m(RayTrainWorker pid=3857892)[0m Reporting training result 632: TrainingReport(checkpoint=None, metrics={'loss': 0.04670269325375557, 'epoch': 631, 'iter': 15800}, validation_spec=None)[32m [repeated 8x across cluster][0m
[36m(RayTrainWorker pid=3857886)[0m Epoch: 631, Iter: 15800, Loss: 0.046403, Avg: 0.046230
[36m(RayTrainWorker pid=3857892)[0m Reporting training result 633: TrainingReport(checkpoint=None, metrics={'loss': 0.045335603505373, 'epoch': 632, 'iter': 15825}, validation_spec=None)[32m [repeated 8x across cluster][0m
[36m(RayTrainWorker pid=3857892)[0m Reporting training result 634: TrainingReport(checkpoint=None, metrics={'loss': 0.04599925562739372, 'epoch': 633, 'iter': 15850}, validation_spec=None)[32m [repeated 8x across cluster][0m
[36m(RayTrainWorker pid=3857892)[0m Reporting training result 635: TrainingReport(checkpoint=None, metrics={'loss': 0.046519541144371034, 'epoch': 634, 'iter': 15875}, validation_spec=None)[32m [repeated 8x across cluster][0m
[36m(RayTrainWorker pid=3857892)[0m Reporting training result 636: TrainingReport(checkpoint=None, metrics={'loss': 0.04698693916201591, 'epoch': 635, 'iter': 15900}, validation_spec=None)[32m [repeated 8x across cluster][0m
[36m(RayTrainWorker pid=3857886)[0m Epoch: 635, Iter: 15900, Loss: 0.043124, Avg: 0.046863
[36m(RayTrainWorker pid=3857892)[0m Reporting training result 637: TrainingReport(checkpoint=None, metrics={'loss': 0.04717269152402878, 'epoch': 636, 'iter': 15925}, validation_spec=None)[32m [repeated 8x across cluster][0m
[36m(RayTrainWorker pid=3857892)[0m Reporting training result 638: TrainingReport(checkpoint=None, metrics={'loss': 0.04462022587656975, 'epoch': 637, 'iter': 15950}, validation_spec=None)[32m [repeated 8x across cluster][0m
[36m(RayTrainWorker pid=3857892)[0m Reporting training result 639: TrainingReport(checkpoint=None, metrics={'loss': 0.045461886078119275, 'epoch': 638, 'iter': 15975}, validation_spec=None)[32m [repeated 8x across cluster][0m
[36m(RayTrainWorker pid=3857886)[0m Epoch: 639, Iter: 16000, Loss: 0.048168, Avg: 0.046785
[36m(RayTrainWorker pid=3857888)[0m Reporting training result 639: TrainingReport(checkpoint=None, metrics={'loss': 0.045377231538295745, 'epoch': 638, 'iter': 15975}, validation_spec=None)[32m [repeated 7x across cluster][0m
[36m(RayTrainWorker pid=3857886)[0m Checkpoint successfully created at: Checkpoint(filesystem=local, path=/home/user/demo/review/ray_results/dit_training/checkpoint_2026-01-04_21-59-14.415272)
[36m(RayTrainWorker pid=3857886)[0m Reporting training result 640: TrainingReport(checkpoint=Checkpoint(filesystem=local, path=/home/user/demo/review/ray_results/dit_training/checkpoint_2026-01-04_21-59-14.415272), metrics={'loss': 0.04678546458482742, 'epoch': 639, 'iter': 16000}, validation_spec=None)
[36m(RayTrainWorker pid=3857886)[0m ✓ Checkpoint保存于 Epoch 639
[36m(RayTrainWorker pid=3857892)[0m Reporting training result 641: TrainingReport(checkpoint=None, metrics={'loss': 0.04825865551829338, 'epoch': 640, 'iter': 16025}, validation_spec=None)[32m [repeated 8x across cluster][0m
[36m(RayTrainWorker pid=3857892)[0m Reporting training result 642: TrainingReport(checkpoint=None, metrics={'loss': 0.046774939149618146, 'epoch': 641, 'iter': 16050}, validation_spec=None)[32m [repeated 8x across cluster][0m
[36m(RayTrainWorker pid=3857892)[0m Reporting training result 643: TrainingReport(checkpoint=None, metrics={'loss': 0.04589017376303673, 'epoch': 642, 'iter': 16075}, validation_spec=None)[32m [repeated 8x across cluster][0m
[36m(RayTrainWorker pid=3857892)[0m Reporting training result 644: TrainingReport(checkpoint=None, metrics={'loss': 0.04494785070419312, 'epoch': 643, 'iter': 16100}, validation_spec=None)[32m [repeated 8x across cluster][0m
[36m(RayTrainWorker pid=3857886)[0m Epoch: 643, Iter: 16100, Loss: 0.041387, Avg: 0.044933
[36m(RayTrainWorker pid=3857892)[0m Reporting training result 645: TrainingReport(checkpoint=None, metrics={'loss': 0.043768091648817065, 'epoch': 644, 'iter': 16125}, validation_spec=None)[32m [repeated 8x across cluster][0m
[36m(RayTrainWorker pid=3857892)[0m Reporting training result 646: TrainingReport(checkpoint=None, metrics={'loss': 0.044868779331445695, 'epoch': 645, 'iter': 16150}, validation_spec=None)[32m [repeated 8x across cluster][0m
[36m(RayTrainWorker pid=3857892)[0m Reporting training result 647: TrainingReport(checkpoint=None, metrics={'loss': 0.045081572383642195, 'epoch': 646, 'iter': 16175}, validation_spec=None)[32m [repeated 8x across cluster][0m
[36m(RayTrainWorker pid=3857892)[0m Reporting training result 648: TrainingReport(checkpoint=None, metrics={'loss': 0.0459221513569355, 'epoch': 647, 'iter': 16200}, validation_spec=None)[32m [repeated 8x across cluster][0m
[36m(RayTrainWorker pid=3857886)[0m Epoch: 647, Iter: 16200, Loss: 0.043747, Avg: 0.045830
[36m(RayTrainWorker pid=3857892)[0m Reporting training result 649: TrainingReport(checkpoint=None, metrics={'loss': 0.04660762131214142, 'epoch': 648, 'iter': 16225}, validation_spec=None)[32m [repeated 8x across cluster][0m
[36m(RayTrainWorker pid=3857892)[0m Reporting training result 650: TrainingReport(checkpoint=None, metrics={'loss': 0.04551002189517021, 'epoch': 649, 'iter': 16250}, validation_spec=None)[32m [repeated 8x across cluster][0m
[36m(RayTrainWorker pid=3857892)[0m Reporting training result 651: TrainingReport(checkpoint=None, metrics={'loss': 0.04706943437457085, 'epoch': 650, 'iter': 16275}, validation_spec=None)[32m [repeated 8x across cluster][0m
[36m(RayTrainWorker pid=3857892)[0m Reporting training result 652: TrainingReport(checkpoint=None, metrics={'loss': 0.04865468397736549, 'epoch': 651, 'iter': 16300}, validation_spec=None)[32m [repeated 8x across cluster][0m
[36m(RayTrainWorker pid=3857886)[0m Epoch: 651, Iter: 16300, Loss: 0.049720, Avg: 0.048001
[36m(RayTrainWorker pid=3857892)[0m Reporting training result 653: TrainingReport(checkpoint=None, metrics={'loss': 0.04704264670610428, 'epoch': 652, 'iter': 16325}, validation_spec=None)[32m [repeated 8x across cluster][0m
[36m(RayTrainWorker pid=3857892)[0m Reporting training result 654: TrainingReport(checkpoint=None, metrics={'loss': 0.045814162939786914, 'epoch': 653, 'iter': 16350}, validation_spec=None)[32m [repeated 8x across cluster][0m
[36m(RayTrainWorker pid=3857892)[0m Reporting training result 655: TrainingReport(checkpoint=None, metrics={'loss': 0.04481500059366226, 'epoch': 654, 'iter': 16375}, validation_spec=None)[32m [repeated 8x across cluster][0m
[36m(RayTrainWorker pid=3857892)[0m Reporting training result 656: TrainingReport(checkpoint=None, metrics={'loss': 0.0449359866976738, 'epoch': 655, 'iter': 16400}, validation_spec=None)[32m [repeated 8x across cluster][0m
[36m(RayTrainWorker pid=3857886)[0m Epoch: 655, Iter: 16400, Loss: 0.045218, Avg: 0.044345
[36m(RayTrainWorker pid=3857892)[0m Reporting training result 657: TrainingReport(checkpoint=None, metrics={'loss': 0.04565323099493981, 'epoch': 656, 'iter': 16425}, validation_spec=None)[32m [repeated 8x across cluster][0m
[36m(RayTrainWorker pid=3857892)[0m Reporting training result 658: TrainingReport(checkpoint=None, metrics={'loss': 0.04480023741722107, 'epoch': 657, 'iter': 16450}, validation_spec=None)[32m [repeated 8x across cluster][0m
[36m(RayTrainWorker pid=3857892)[0m Reporting training result 659: TrainingReport(checkpoint=None, metrics={'loss': 0.04452992752194405, 'epoch': 658, 'iter': 16475}, validation_spec=None)[32m [repeated 8x across cluster][0m
[36m(RayTrainWorker pid=3857886)[0m Checkpoint successfully created at: Checkpoint(filesystem=local, path=/home/user/demo/review/ray_results/dit_training/checkpoint_2026-01-04_22-03-19.356189)
[36m(RayTrainWorker pid=3857886)[0m Reporting training result 659: TrainingReport(checkpoint=Checkpoint(filesystem=local, path=/home/user/demo/review/ray_results/dit_training/checkpoint_2026-01-04_22-03-19.356189), metrics={'loss': 0.04375452384352684, 'epoch': 658, 'iter': 16475}, validation_spec=None)
[36m(RayTrainWorker pid=3857886)[0m ✓ 新的最佳模型! Loss: 0.043755 (Epoch 658)
[36m(RayTrainWorker pid=3857886)[0m Epoch: 659, Iter: 16500, Loss: 0.043494, Avg: 0.045750
[36m(RayTrainWorker pid=3857888)[0m Reporting training result 659: TrainingReport(checkpoint=None, metrics={'loss': 0.04412984117865562, 'epoch': 658, 'iter': 16475}, validation_spec=None)[32m [repeated 6x across cluster][0m
[36m(RayTrainWorker pid=3857886)[0m Checkpoint successfully created at: Checkpoint(filesystem=local, path=/home/user/demo/review/ray_results/dit_training/checkpoint_2026-01-04_22-03-32.745155)
[36m(RayTrainWorker pid=3857886)[0m Reporting training result 660: TrainingReport(checkpoint=Checkpoint(filesystem=local, path=/home/user/demo/review/ray_results/dit_training/checkpoint_2026-01-04_22-03-32.745155), metrics={'loss': 0.045750203281641005, 'epoch': 659, 'iter': 16500}, validation_spec=None)
[36m(RayTrainWorker pid=3857886)[0m ✓ Checkpoint保存于 Epoch 659
[36m(RayTrainWorker pid=3857892)[0m Reporting training result 661: TrainingReport(checkpoint=None, metrics={'loss': 0.04450949907302856, 'epoch': 660, 'iter': 16525}, validation_spec=None)[32m [repeated 8x across cluster][0m
[36m(RayTrainWorker pid=3857892)[0m Reporting training result 662: TrainingReport(checkpoint=None, metrics={'loss': 0.044971483647823336, 'epoch': 661, 'iter': 16550}, validation_spec=None)[32m [repeated 8x across cluster][0m
[36m(RayTrainWorker pid=3857892)[0m Reporting training result 663: TrainingReport(checkpoint=None, metrics={'loss': 0.04402692779898643, 'epoch': 662, 'iter': 16575}, validation_spec=None)[32m [repeated 8x across cluster][0m
[36m(RayTrainWorker pid=3857886)[0m Epoch: 663, Iter: 16600, Loss: 0.048514, Avg: 0.043616
[36m(RayTrainWorker pid=3857888)[0m Reporting training result 663: TrainingReport(checkpoint=None, metrics={'loss': 0.04441881850361824, 'epoch': 662, 'iter': 16575}, validation_spec=None)[32m [repeated 7x across cluster][0m
[36m(RayTrainWorker pid=3857886)[0m Checkpoint successfully created at: Checkpoint(filesystem=local, path=/home/user/demo/review/ray_results/dit_training/checkpoint_2026-01-04_22-04-24.659893)
[36m(RayTrainWorker pid=3857886)[0m Reporting training result 664: TrainingReport(checkpoint=Checkpoint(filesystem=local, path=/home/user/demo/review/ray_results/dit_training/checkpoint_2026-01-04_22-04-24.659893), metrics={'loss': 0.04361590802669525, 'epoch': 663, 'iter': 16600}, validation_spec=None)
[36m(RayTrainWorker pid=3857886)[0m ✓ 新的最佳模型! Loss: 0.043616 (Epoch 663)
[36m(RayTrainWorker pid=3857892)[0m Reporting training result 665: TrainingReport(checkpoint=None, metrics={'loss': 0.04410931751132011, 'epoch': 664, 'iter': 16625}, validation_spec=None)[32m [repeated 8x across cluster][0m
[36m(RayTrainWorker pid=3857892)[0m Reporting training result 666: TrainingReport(checkpoint=None, metrics={'loss': 0.04515556529164314, 'epoch': 665, 'iter': 16650}, validation_spec=None)[32m [repeated 8x across cluster][0m
[36m(RayTrainWorker pid=3857892)[0m Reporting training result 667: TrainingReport(checkpoint=None, metrics={'loss': 0.0457998813688755, 'epoch': 666, 'iter': 16675}, validation_spec=None)[32m [repeated 8x across cluster][0m
[36m(RayTrainWorker pid=3857892)[0m Reporting training result 668: TrainingReport(checkpoint=None, metrics={'loss': 0.04546947047114372, 'epoch': 667, 'iter': 16700}, validation_spec=None)[32m [repeated 8x across cluster][0m
[36m(RayTrainWorker pid=3857886)[0m Epoch: 667, Iter: 16700, Loss: 0.046932, Avg: 0.045373
[36m(RayTrainWorker pid=3857892)[0m Reporting training result 669: TrainingReport(checkpoint=None, metrics={'loss': 0.044504886716604235, 'epoch': 668, 'iter': 16725}, validation_spec=None)[32m [repeated 8x across cluster][0m
[36m(RayTrainWorker pid=3857892)[0m Reporting training result 670: TrainingReport(checkpoint=None, metrics={'loss': 0.04404701203107834, 'epoch': 669, 'iter': 16750}, validation_spec=None)[32m [repeated 8x across cluster][0m
[36m(RayTrainWorker pid=3857892)[0m Reporting training result 671: TrainingReport(checkpoint=None, metrics={'loss': 0.046459296941757204, 'epoch': 670, 'iter': 16775}, validation_spec=None)[32m [repeated 8x across cluster][0m
[36m(RayTrainWorker pid=3857892)[0m Reporting training result 672: TrainingReport(checkpoint=None, metrics={'loss': 0.0473626059293747, 'epoch': 671, 'iter': 16800}, validation_spec=None)[32m [repeated 8x across cluster][0m
[36m(RayTrainWorker pid=3857886)[0m Epoch: 671, Iter: 16800, Loss: 0.050616, Avg: 0.047589
[36m(RayTrainWorker pid=3857892)[0m Reporting training result 673: TrainingReport(checkpoint=None, metrics={'loss': 0.04793611526489258, 'epoch': 672, 'iter': 16825}, validation_spec=None)[32m [repeated 8x across cluster][0m
[36m(RayTrainWorker pid=3857892)[0m Reporting training result 674: TrainingReport(checkpoint=None, metrics={'loss': 0.04556050062179565, 'epoch': 673, 'iter': 16850}, validation_spec=None)[32m [repeated 8x across cluster][0m
[36m(RayTrainWorker pid=3857892)[0m Reporting training result 675: TrainingReport(checkpoint=None, metrics={'loss': 0.04619186446070671, 'epoch': 674, 'iter': 16875}, validation_spec=None)[32m [repeated 8x across cluster][0m
[36m(RayTrainWorker pid=3857886)[0m Epoch: 675, Iter: 16900, Loss: 0.045299, Avg: 0.045146
[36m(RayTrainWorker pid=3857888)[0m Reporting training result 675: TrainingReport(checkpoint=None, metrics={'loss': 0.045135832130908965, 'epoch': 674, 'iter': 16875}, validation_spec=None)[32m [repeated 7x across cluster][0m
[36m(RayTrainWorker pid=3857892)[0m Reporting training result 677: TrainingReport(checkpoint=None, metrics={'loss': 0.045764748156070706, 'epoch': 676, 'iter': 16925}, validation_spec=None)[32m [repeated 9x across cluster][0m
[36m(RayTrainWorker pid=3857892)[0m Reporting training result 678: TrainingReport(checkpoint=None, metrics={'loss': 0.04594723165035248, 'epoch': 677, 'iter': 16950}, validation_spec=None)[32m [repeated 8x across cluster][0m
[36m(RayTrainWorker pid=3857892)[0m Reporting training result 679: TrainingReport(checkpoint=None, metrics={'loss': 0.045250108540058134, 'epoch': 678, 'iter': 16975}, validation_spec=None)[32m [repeated 8x across cluster][0m
[36m(RayTrainWorker pid=3857886)[0m Epoch: 679, Iter: 17000, Loss: 0.049880, Avg: 0.045995
[36m(RayTrainWorker pid=3857888)[0m Reporting training result 679: TrainingReport(checkpoint=None, metrics={'loss': 0.04568833813071251, 'epoch': 678, 'iter': 16975}, validation_spec=None)[32m [repeated 7x across cluster][0m
[36m(RayTrainWorker pid=3857886)[0m Checkpoint successfully created at: Checkpoint(filesystem=local, path=/home/user/demo/review/ray_results/dit_training/checkpoint_2026-01-04_22-07-51.210536)
[36m(RayTrainWorker pid=3857886)[0m Reporting training result 680: TrainingReport(checkpoint=Checkpoint(filesystem=local, path=/home/user/demo/review/ray_results/dit_training/checkpoint_2026-01-04_22-07-51.210536), metrics={'loss': 0.04599533632397652, 'epoch': 679, 'iter': 17000}, validation_spec=None)
[36m(RayTrainWorker pid=3857886)[0m ✓ Checkpoint保存于 Epoch 679
[36m(RayTrainWorker pid=3857892)[0m Reporting training result 681: TrainingReport(checkpoint=None, metrics={'loss': 0.045420379191637036, 'epoch': 680, 'iter': 17025}, validation_spec=None)[32m [repeated 8x across cluster][0m
[36m(RayTrainWorker pid=3857892)[0m Reporting training result 682: TrainingReport(checkpoint=None, metrics={'loss': 0.046827814131975176, 'epoch': 681, 'iter': 17050}, validation_spec=None)[32m [repeated 8x across cluster][0m
[36m(RayTrainWorker pid=3857892)[0m Reporting training result 683: TrainingReport(checkpoint=None, metrics={'loss': 0.044775563329458236, 'epoch': 682, 'iter': 17075}, validation_spec=None)[32m [repeated 8x across cluster][0m
[36m(RayTrainWorker pid=3857892)[0m Reporting training result 684: TrainingReport(checkpoint=None, metrics={'loss': 0.0457959970831871, 'epoch': 683, 'iter': 17100}, validation_spec=None)[32m [repeated 8x across cluster][0m
[36m(RayTrainWorker pid=3857886)[0m Epoch: 683, Iter: 17100, Loss: 0.045357, Avg: 0.045414
[36m(RayTrainWorker pid=3857892)[0m Reporting training result 685: TrainingReport(checkpoint=None, metrics={'loss': 0.04658342868089676, 'epoch': 684, 'iter': 17125}, validation_spec=None)[32m [repeated 8x across cluster][0m
[36m(RayTrainWorker pid=3857892)[0m Reporting training result 686: TrainingReport(checkpoint=None, metrics={'loss': 0.046314895004034046, 'epoch': 685, 'iter': 17150}, validation_spec=None)[32m [repeated 8x across cluster][0m
[36m(RayTrainWorker pid=3857892)[0m Reporting training result 687: TrainingReport(checkpoint=None, metrics={'loss': 0.04591932505369187, 'epoch': 686, 'iter': 17175}, validation_spec=None)[32m [repeated 8x across cluster][0m
[36m(RayTrainWorker pid=3857892)[0m Reporting training result 688: TrainingReport(checkpoint=None, metrics={'loss': 0.04585274145007134, 'epoch': 687, 'iter': 17200}, validation_spec=None)[32m [repeated 8x across cluster][0m
[36m(RayTrainWorker pid=3857886)[0m Epoch: 687, Iter: 17200, Loss: 0.043619, Avg: 0.044323
[36m(RayTrainWorker pid=3857892)[0m Reporting training result 689: TrainingReport(checkpoint=None, metrics={'loss': 0.04479794770479202, 'epoch': 688, 'iter': 17225}, validation_spec=None)[32m [repeated 8x across cluster][0m
[36m(RayTrainWorker pid=3857892)[0m Reporting training result 690: TrainingReport(checkpoint=None, metrics={'loss': 0.045167680084705356, 'epoch': 689, 'iter': 17250}, validation_spec=None)[32m [repeated 8x across cluster][0m
[36m(RayTrainWorker pid=3857892)[0m Reporting training result 691: TrainingReport(checkpoint=None, metrics={'loss': 0.04379241734743118, 'epoch': 690, 'iter': 17275}, validation_spec=None)[32m [repeated 8x across cluster][0m
[36m(RayTrainWorker pid=3857892)[0m Reporting training result 692: TrainingReport(checkpoint=None, metrics={'loss': 0.04361027985811233, 'epoch': 691, 'iter': 17300}, validation_spec=None)[32m [repeated 8x across cluster][0m
[36m(RayTrainWorker pid=3857886)[0m Epoch: 691, Iter: 17300, Loss: 0.044392, Avg: 0.044256
[36m(RayTrainWorker pid=3857892)[0m Reporting training result 693: TrainingReport(checkpoint=None, metrics={'loss': 0.044379379451274875, 'epoch': 692, 'iter': 17325}, validation_spec=None)[32m [repeated 8x across cluster][0m
[36m(RayTrainWorker pid=3857892)[0m Reporting training result 694: TrainingReport(checkpoint=None, metrics={'loss': 0.04538092285394669, 'epoch': 693, 'iter': 17350}, validation_spec=None)[32m [repeated 8x across cluster][0m
[36m(RayTrainWorker pid=3857892)[0m Reporting training result 695: TrainingReport(checkpoint=None, metrics={'loss': 0.045509083569049834, 'epoch': 694, 'iter': 17375}, validation_spec=None)[32m [repeated 8x across cluster][0m
[36m(RayTrainWorker pid=3857892)[0m Reporting training result 696: TrainingReport(checkpoint=None, metrics={'loss': 0.046646024137735366, 'epoch': 695, 'iter': 17400}, validation_spec=None)[32m [repeated 8x across cluster][0m
[36m(RayTrainWorker pid=3857886)[0m Epoch: 695, Iter: 17400, Loss: 0.051222, Avg: 0.046703
[36m(RayTrainWorker pid=3857892)[0m Reporting training result 697: TrainingReport(checkpoint=None, metrics={'loss': 0.04887555465102196, 'epoch': 696, 'iter': 17425}, validation_spec=None)[32m [repeated 8x across cluster][0m
[36m(RayTrainWorker pid=3857892)[0m Reporting training result 698: TrainingReport(checkpoint=None, metrics={'loss': 0.04464393809437752, 'epoch': 697, 'iter': 17450}, validation_spec=None)[32m [repeated 8x across cluster][0m
[36m(RayTrainWorker pid=3857892)[0m Reporting training result 699: TrainingReport(checkpoint=None, metrics={'loss': 0.0474773383140564, 'epoch': 698, 'iter': 17475}, validation_spec=None)[32m [repeated 8x across cluster][0m
[36m(RayTrainWorker pid=3857886)[0m Epoch: 699, Iter: 17500, Loss: 0.047966, Avg: 0.047846
[36m(RayTrainWorker pid=3857888)[0m Reporting training result 699: TrainingReport(checkpoint=None, metrics={'loss': 0.0469576159119606, 'epoch': 698, 'iter': 17475}, validation_spec=None)[32m [repeated 7x across cluster][0m
[36m(RayTrainWorker pid=3857886)[0m Checkpoint successfully created at: Checkpoint(filesystem=local, path=/home/user/demo/review/ray_results/dit_training/checkpoint_2026-01-04_22-12-09.283339)
[36m(RayTrainWorker pid=3857886)[0m Reporting training result 700: TrainingReport(checkpoint=Checkpoint(filesystem=local, path=/home/user/demo/review/ray_results/dit_training/checkpoint_2026-01-04_22-12-09.283339), metrics={'loss': 0.047845646589994434, 'epoch': 699, 'iter': 17500}, validation_spec=None)
[36m(RayTrainWorker pid=3857886)[0m ✓ Checkpoint保存于 Epoch 699
[36m(RayTrainWorker pid=3857892)[0m Reporting training result 701: TrainingReport(checkpoint=None, metrics={'loss': 0.0473610508441925, 'epoch': 700, 'iter': 17525}, validation_spec=None)[32m [repeated 8x across cluster][0m
[36m(RayTrainWorker pid=3857892)[0m Reporting training result 702: TrainingReport(checkpoint=None, metrics={'loss': 0.046999121755361556, 'epoch': 701, 'iter': 17550}, validation_spec=None)[32m [repeated 8x across cluster][0m
[36m(RayTrainWorker pid=3857892)[0m Reporting training result 703: TrainingReport(checkpoint=None, metrics={'loss': 0.04560338333249092, 'epoch': 702, 'iter': 17575}, validation_spec=None)[32m [repeated 8x across cluster][0m
[36m(RayTrainWorker pid=3857892)[0m Reporting training result 704: TrainingReport(checkpoint=None, metrics={'loss': 0.0467816136777401, 'epoch': 703, 'iter': 17600}, validation_spec=None)[32m [repeated 8x across cluster][0m
[36m(RayTrainWorker pid=3857886)[0m Epoch: 703, Iter: 17600, Loss: 0.049134, Avg: 0.046803
[36m(RayTrainWorker pid=3857892)[0m Reporting training result 705: TrainingReport(checkpoint=None, metrics={'loss': 0.044828070849180224, 'epoch': 704, 'iter': 17625}, validation_spec=None)[32m [repeated 8x across cluster][0m
[36m(RayTrainWorker pid=3857892)[0m Reporting training result 706: TrainingReport(checkpoint=None, metrics={'loss': 0.04406840071082115, 'epoch': 705, 'iter': 17650}, validation_spec=None)[32m [repeated 8x across cluster][0m
[36m(RayTrainWorker pid=3857892)[0m Reporting training result 707: TrainingReport(checkpoint=None, metrics={'loss': 0.04464135304093361, 'epoch': 706, 'iter': 17675}, validation_spec=None)[32m [repeated 8x across cluster][0m
[36m(RayTrainWorker pid=3857886)[0m Epoch: 707, Iter: 17700, Loss: 0.042005, Avg: 0.043460
[36m(RayTrainWorker pid=3857888)[0m Reporting training result 707: TrainingReport(checkpoint=None, metrics={'loss': 0.045015516132116316, 'epoch': 706, 'iter': 17675}, validation_spec=None)[32m [repeated 7x across cluster][0m
[36m(RayTrainWorker pid=3857886)[0m Checkpoint successfully created at: Checkpoint(filesystem=local, path=/home/user/demo/review/ray_results/dit_training/checkpoint_2026-01-04_22-13-52.801137)
[36m(RayTrainWorker pid=3857886)[0m Reporting training result 708: TrainingReport(checkpoint=Checkpoint(filesystem=local, path=/home/user/demo/review/ray_results/dit_training/checkpoint_2026-01-04_22-13-52.801137), metrics={'loss': 0.043459700345993044, 'epoch': 707, 'iter': 17700}, validation_spec=None)
[36m(RayTrainWorker pid=3857886)[0m ✓ 新的最佳模型! Loss: 0.043460 (Epoch 707)
[36m(RayTrainWorker pid=3857892)[0m Reporting training result 709: TrainingReport(checkpoint=None, metrics={'loss': 0.04408405661582947, 'epoch': 708, 'iter': 17725}, validation_spec=None)[32m [repeated 8x across cluster][0m
[36m(RayTrainWorker pid=3857892)[0m Reporting training result 710: TrainingReport(checkpoint=None, metrics={'loss': 0.04491913184523583, 'epoch': 709, 'iter': 17750}, validation_spec=None)[32m [repeated 8x across cluster][0m
[36m(RayTrainWorker pid=3857892)[0m Reporting training result 711: TrainingReport(checkpoint=None, metrics={'loss': 0.04595104232430458, 'epoch': 710, 'iter': 17775}, validation_spec=None)[32m [repeated 8x across cluster][0m
[36m(RayTrainWorker pid=3857892)[0m Reporting training result 712: TrainingReport(checkpoint=None, metrics={'loss': 0.044407337605953216, 'epoch': 711, 'iter': 17800}, validation_spec=None)[32m [repeated 8x across cluster][0m
[36m(RayTrainWorker pid=3857886)[0m Epoch: 711, Iter: 17800, Loss: 0.047876, Avg: 0.044837
[36m(RayTrainWorker pid=3857892)[0m Reporting training result 713: TrainingReport(checkpoint=None, metrics={'loss': 0.046657067984342576, 'epoch': 712, 'iter': 17825}, validation_spec=None)[32m [repeated 8x across cluster][0m
[36m(RayTrainWorker pid=3857892)[0m Reporting training result 714: TrainingReport(checkpoint=None, metrics={'loss': 0.045630102455615995, 'epoch': 713, 'iter': 17850}, validation_spec=None)[32m [repeated 8x across cluster][0m
[36m(RayTrainWorker pid=3857892)[0m Reporting training result 715: TrainingReport(checkpoint=None, metrics={'loss': 0.04638030156493187, 'epoch': 714, 'iter': 17875}, validation_spec=None)[32m [repeated 8x across cluster][0m
[36m(RayTrainWorker pid=3857892)[0m Reporting training result 716: TrainingReport(checkpoint=None, metrics={'loss': 0.046145178377628326, 'epoch': 715, 'iter': 17900}, validation_spec=None)[32m [repeated 8x across cluster][0m
[36m(RayTrainWorker pid=3857886)[0m Epoch: 715, Iter: 17900, Loss: 0.044487, Avg: 0.045487
[36m(RayTrainWorker pid=3857892)[0m Reporting training result 717: TrainingReport(checkpoint=None, metrics={'loss': 0.046529473811388014, 'epoch': 716, 'iter': 17925}, validation_spec=None)[32m [repeated 8x across cluster][0m
[36m(RayTrainWorker pid=3857892)[0m Reporting training result 718: TrainingReport(checkpoint=None, metrics={'loss': 0.046432997882366184, 'epoch': 717, 'iter': 17950}, validation_spec=None)[32m [repeated 8x across cluster][0m
[36m(RayTrainWorker pid=3857892)[0m Reporting training result 719: TrainingReport(checkpoint=None, metrics={'loss': 0.04509695485234261, 'epoch': 718, 'iter': 17975}, validation_spec=None)[32m [repeated 8x across cluster][0m
[36m(RayTrainWorker pid=3857886)[0m Epoch: 719, Iter: 18000, Loss: 0.045554, Avg: 0.045046
[36m(RayTrainWorker pid=3857888)[0m Reporting training result 719: TrainingReport(checkpoint=None, metrics={'loss': 0.044835233688354494, 'epoch': 718, 'iter': 17975}, validation_spec=None)[32m [repeated 7x across cluster][0m
[36m(RayTrainWorker pid=3857886)[0m Checkpoint successfully created at: Checkpoint(filesystem=local, path=/home/user/demo/review/ray_results/dit_training/checkpoint_2026-01-04_22-16-27.821407)
[36m(RayTrainWorker pid=3857886)[0m Reporting training result 720: TrainingReport(checkpoint=Checkpoint(filesystem=local, path=/home/user/demo/review/ray_results/dit_training/checkpoint_2026-01-04_22-16-27.821407), metrics={'loss': 0.04504594504833222, 'epoch': 719, 'iter': 18000}, validation_spec=None)
[36m(RayTrainWorker pid=3857886)[0m ✓ Checkpoint保存于 Epoch 719
[36m(RayTrainWorker pid=3857892)[0m Reporting training result 721: TrainingReport(checkpoint=None, metrics={'loss': 0.04667799651622772, 'epoch': 720, 'iter': 18025}, validation_spec=None)[32m [repeated 8x across cluster][0m
[36m(RayTrainWorker pid=3857892)[0m Reporting training result 722: TrainingReport(checkpoint=None, metrics={'loss': 0.04591129869222641, 'epoch': 721, 'iter': 18050}, validation_spec=None)[32m [repeated 8x across cluster][0m
[36m(RayTrainWorker pid=3857892)[0m Reporting training result 723: TrainingReport(checkpoint=None, metrics={'loss': 0.04470427021384239, 'epoch': 722, 'iter': 18075}, validation_spec=None)[32m [repeated 8x across cluster][0m
[36m(RayTrainWorker pid=3857886)[0m Epoch: 723, Iter: 18100, Loss: 0.049325, Avg: 0.044209
[36m(RayTrainWorker pid=3857888)[0m Reporting training result 723: TrainingReport(checkpoint=None, metrics={'loss': 0.04571841597557068, 'epoch': 722, 'iter': 18075}, validation_spec=None)[32m [repeated 7x across cluster][0m
[36m(RayTrainWorker pid=3857892)[0m Reporting training result 725: TrainingReport(checkpoint=None, metrics={'loss': 0.04278744697570801, 'epoch': 724, 'iter': 18125}, validation_spec=None)[32m [repeated 9x across cluster][0m
[36m(RayTrainWorker pid=3857892)[0m Reporting training result 726: TrainingReport(checkpoint=None, metrics={'loss': 0.04445799693465233, 'epoch': 725, 'iter': 18150}, validation_spec=None)[32m [repeated 8x across cluster][0m
[36m(RayTrainWorker pid=3857892)[0m Reporting training result 727: TrainingReport(checkpoint=None, metrics={'loss': 0.04573955431580543, 'epoch': 726, 'iter': 18175}, validation_spec=None)[32m [repeated 8x across cluster][0m
[36m(RayTrainWorker pid=3857892)[0m Reporting training result 728: TrainingReport(checkpoint=None, metrics={'loss': 0.04437613487243652, 'epoch': 727, 'iter': 18200}, validation_spec=None)[32m [repeated 8x across cluster][0m
[36m(RayTrainWorker pid=3857886)[0m Epoch: 727, Iter: 18200, Loss: 0.042121, Avg: 0.044722
[36m(RayTrainWorker pid=3857892)[0m Reporting training result 729: TrainingReport(checkpoint=None, metrics={'loss': 0.043652178049087526, 'epoch': 728, 'iter': 18225}, validation_spec=None)[32m [repeated 8x across cluster][0m
[36m(RayTrainWorker pid=3857892)[0m Reporting training result 730: TrainingReport(checkpoint=None, metrics={'loss': 0.044293365925550464, 'epoch': 729, 'iter': 18250}, validation_spec=None)[32m [repeated 8x across cluster][0m
[36m(RayTrainWorker pid=3857892)[0m Reporting training result 731: TrainingReport(checkpoint=None, metrics={'loss': 0.04379345417022705, 'epoch': 730, 'iter': 18275}, validation_spec=None)[32m [repeated 8x across cluster][0m
[36m(RayTrainWorker pid=3857886)[0m Epoch: 731, Iter: 18300, Loss: 0.048686, Avg: 0.043955
[36m(RayTrainWorker pid=3857888)[0m Reporting training result 731: TrainingReport(checkpoint=None, metrics={'loss': 0.04406891703605652, 'epoch': 730, 'iter': 18275}, validation_spec=None)[32m [repeated 7x across cluster][0m
[36m(RayTrainWorker pid=3857892)[0m Reporting training result 733: TrainingReport(checkpoint=None, metrics={'loss': 0.04372467771172524, 'epoch': 732, 'iter': 18325}, validation_spec=None)[32m [repeated 9x across cluster][0m
[36m(RayTrainWorker pid=3857892)[0m Reporting training result 734: TrainingReport(checkpoint=None, metrics={'loss': 0.044646709710359576, 'epoch': 733, 'iter': 18350}, validation_spec=None)[32m [repeated 8x across cluster][0m
[36m(RayTrainWorker pid=3857892)[0m Reporting training result 735: TrainingReport(checkpoint=None, metrics={'loss': 0.04530809342861176, 'epoch': 734, 'iter': 18375}, validation_spec=None)[32m [repeated 8x across cluster][0m
[36m(RayTrainWorker pid=3857886)[0m Epoch: 735, Iter: 18400, Loss: 0.051096, Avg: 0.046320
[36m(RayTrainWorker pid=3857888)[0m Reporting training result 735: TrainingReport(checkpoint=None, metrics={'loss': 0.044033676534891125, 'epoch': 734, 'iter': 18375}, validation_spec=None)[32m [repeated 7x across cluster][0m
[36m(RayTrainWorker pid=3857892)[0m Reporting training result 737: TrainingReport(checkpoint=None, metrics={'loss': 0.04697720646858215, 'epoch': 736, 'iter': 18425}, validation_spec=None)[32m [repeated 9x across cluster][0m
[36m(RayTrainWorker pid=3857892)[0m Reporting training result 738: TrainingReport(checkpoint=None, metrics={'loss': 0.04683938667178154, 'epoch': 737, 'iter': 18450}, validation_spec=None)[32m [repeated 8x across cluster][0m
[36m(RayTrainWorker pid=3857892)[0m Reporting training result 739: TrainingReport(checkpoint=None, metrics={'loss': 0.04570433586835861, 'epoch': 738, 'iter': 18475}, validation_spec=None)[32m [repeated 8x across cluster][0m
[36m(RayTrainWorker pid=3857886)[0m Epoch: 739, Iter: 18500, Loss: 0.040785, Avg: 0.045009
[36m(RayTrainWorker pid=3857888)[0m Reporting training result 739: TrainingReport(checkpoint=None, metrics={'loss': 0.04576004505157471, 'epoch': 738, 'iter': 18475}, validation_spec=None)[32m [repeated 7x across cluster][0m
[36m(RayTrainWorker pid=3857886)[0m Checkpoint successfully created at: Checkpoint(filesystem=local, path=/home/user/demo/review/ray_results/dit_training/checkpoint_2026-01-04_22-20-46.144479)
[36m(RayTrainWorker pid=3857886)[0m Reporting training result 740: TrainingReport(checkpoint=Checkpoint(filesystem=local, path=/home/user/demo/review/ray_results/dit_training/checkpoint_2026-01-04_22-20-46.144479), metrics={'loss': 0.04500930562615395, 'epoch': 739, 'iter': 18500}, validation_spec=None)
[36m(RayTrainWorker pid=3857886)[0m ✓ Checkpoint保存于 Epoch 739
[36m(RayTrainWorker pid=3857892)[0m Reporting training result 741: TrainingReport(checkpoint=None, metrics={'loss': 0.043885520100593566, 'epoch': 740, 'iter': 18525}, validation_spec=None)[32m [repeated 8x across cluster][0m
[36m(RayTrainWorker pid=3857892)[0m Reporting training result 742: TrainingReport(checkpoint=None, metrics={'loss': 0.04441990792751312, 'epoch': 741, 'iter': 18550}, validation_spec=None)[32m [repeated 8x across cluster][0m
[36m(RayTrainWorker pid=3857892)[0m Reporting training result 743: TrainingReport(checkpoint=None, metrics={'loss': 0.044860760867595675, 'epoch': 742, 'iter': 18575}, validation_spec=None)[32m [repeated 8x across cluster][0m
[36m(RayTrainWorker pid=3857892)[0m Reporting training result 744: TrainingReport(checkpoint=None, metrics={'loss': 0.04463111504912377, 'epoch': 743, 'iter': 18600}, validation_spec=None)[32m [repeated 8x across cluster][0m
[36m(RayTrainWorker pid=3857886)[0m Epoch: 743, Iter: 18600, Loss: 0.041705, Avg: 0.044291
[36m(RayTrainWorker pid=3857892)[0m Reporting training result 745: TrainingReport(checkpoint=None, metrics={'loss': 0.04347690835595131, 'epoch': 744, 'iter': 18625}, validation_spec=None)[32m [repeated 8x across cluster][0m
[36m(RayTrainWorker pid=3857892)[0m Reporting training result 746: TrainingReport(checkpoint=None, metrics={'loss': 0.04412454664707184, 'epoch': 745, 'iter': 18650}, validation_spec=None)[32m [repeated 8x across cluster][0m
[36m(RayTrainWorker pid=3857892)[0m Reporting training result 747: TrainingReport(checkpoint=None, metrics={'loss': 0.04336642891168594, 'epoch': 746, 'iter': 18675}, validation_spec=None)[32m [repeated 8x across cluster][0m
[36m(RayTrainWorker pid=3857892)[0m Reporting training result 748: TrainingReport(checkpoint=None, metrics={'loss': 0.04442393496632576, 'epoch': 747, 'iter': 18700}, validation_spec=None)[32m [repeated 8x across cluster][0m
[36m(RayTrainWorker pid=3857886)[0m Epoch: 747, Iter: 18700, Loss: 0.042942, Avg: 0.044769
[36m(RayTrainWorker pid=3857892)[0m Reporting training result 749: TrainingReport(checkpoint=None, metrics={'loss': 0.044775122702121736, 'epoch': 748, 'iter': 18725}, validation_spec=None)[32m [repeated 8x across cluster][0m
[36m(RayTrainWorker pid=3857892)[0m Reporting training result 750: TrainingReport(checkpoint=None, metrics={'loss': 0.04569252625107765, 'epoch': 749, 'iter': 18750}, validation_spec=None)[32m [repeated 8x across cluster][0m
[36m(RayTrainWorker pid=3857892)[0m Reporting training result 751: TrainingReport(checkpoint=None, metrics={'loss': 0.04402807787060738, 'epoch': 750, 'iter': 18775}, validation_spec=None)[32m [repeated 8x across cluster][0m
[36m(RayTrainWorker pid=3857892)[0m Reporting training result 752: TrainingReport(checkpoint=None, metrics={'loss': 0.04535238817334175, 'epoch': 751, 'iter': 18800}, validation_spec=None)[32m [repeated 8x across cluster][0m
[36m(RayTrainWorker pid=3857886)[0m Epoch: 751, Iter: 18800, Loss: 0.045973, Avg: 0.045094
[36m(RayTrainWorker pid=3857892)[0m Reporting training result 753: TrainingReport(checkpoint=None, metrics={'loss': 0.04541234701871872, 'epoch': 752, 'iter': 18825}, validation_spec=None)[32m [repeated 8x across cluster][0m
[36m(RayTrainWorker pid=3857892)[0m Reporting training result 754: TrainingReport(checkpoint=None, metrics={'loss': 0.046239268779754636, 'epoch': 753, 'iter': 18850}, validation_spec=None)[32m [repeated 8x across cluster][0m
[36m(RayTrainWorker pid=3857892)[0m Reporting training result 755: TrainingReport(checkpoint=None, metrics={'loss': 0.04508803650736809, 'epoch': 754, 'iter': 18875}, validation_spec=None)[32m [repeated 8x across cluster][0m
[36m(RayTrainWorker pid=3857892)[0m Reporting training result 756: TrainingReport(checkpoint=None, metrics={'loss': 0.0441731508076191, 'epoch': 755, 'iter': 18900}, validation_spec=None)[32m [repeated 8x across cluster][0m
[36m(RayTrainWorker pid=3857886)[0m Epoch: 755, Iter: 18900, Loss: 0.046770, Avg: 0.043915
[36m(RayTrainWorker pid=3857892)[0m Reporting training result 757: TrainingReport(checkpoint=None, metrics={'loss': 0.04444684401154518, 'epoch': 756, 'iter': 18925}, validation_spec=None)[32m [repeated 8x across cluster][0m
[36m(RayTrainWorker pid=3857892)[0m Reporting training result 758: TrainingReport(checkpoint=None, metrics={'loss': 0.045976889580488206, 'epoch': 757, 'iter': 18950}, validation_spec=None)[32m [repeated 8x across cluster][0m
[36m(RayTrainWorker pid=3857892)[0m Reporting training result 759: TrainingReport(checkpoint=None, metrics={'loss': 0.045823256075382235, 'epoch': 758, 'iter': 18975}, validation_spec=None)[32m [repeated 8x across cluster][0m
[36m(RayTrainWorker pid=3857886)[0m Epoch: 759, Iter: 19000, Loss: 0.045211, Avg: 0.046190
[36m(RayTrainWorker pid=3857888)[0m Reporting training result 759: TrainingReport(checkpoint=None, metrics={'loss': 0.045273887664079665, 'epoch': 758, 'iter': 18975}, validation_spec=None)[32m [repeated 7x across cluster][0m
[36m(RayTrainWorker pid=3857886)[0m Checkpoint successfully created at: Checkpoint(filesystem=local, path=/home/user/demo/review/ray_results/dit_training/checkpoint_2026-01-04_22-25-04.463581)
[36m(RayTrainWorker pid=3857886)[0m Reporting training result 760: TrainingReport(checkpoint=Checkpoint(filesystem=local, path=/home/user/demo/review/ray_results/dit_training/checkpoint_2026-01-04_22-25-04.463581), metrics={'loss': 0.046190404444932935, 'epoch': 759, 'iter': 19000}, validation_spec=None)
[36m(RayTrainWorker pid=3857886)[0m ✓ Checkpoint保存于 Epoch 759
[36m(RayTrainWorker pid=3857892)[0m Reporting training result 761: TrainingReport(checkpoint=None, metrics={'loss': 0.04574425503611565, 'epoch': 760, 'iter': 19025}, validation_spec=None)[32m [repeated 8x across cluster][0m
[36m(RayTrainWorker pid=3857892)[0m Reporting training result 762: TrainingReport(checkpoint=None, metrics={'loss': 0.04475510880351066, 'epoch': 761, 'iter': 19050}, validation_spec=None)[32m [repeated 8x across cluster][0m
[36m(RayTrainWorker pid=3857892)[0m Reporting training result 763: TrainingReport(checkpoint=None, metrics={'loss': 0.0450836119055748, 'epoch': 762, 'iter': 19075}, validation_spec=None)[32m [repeated 8x across cluster][0m
[36m(RayTrainWorker pid=3857892)[0m Reporting training result 764: TrainingReport(checkpoint=None, metrics={'loss': 0.04425838306546211, 'epoch': 763, 'iter': 19100}, validation_spec=None)[32m [repeated 8x across cluster][0m
[36m(RayTrainWorker pid=3857886)[0m Epoch: 763, Iter: 19100, Loss: 0.042941, Avg: 0.044423
[36m(RayTrainWorker pid=3857892)[0m Reporting training result 765: TrainingReport(checkpoint=None, metrics={'loss': 0.045044392347335815, 'epoch': 764, 'iter': 19125}, validation_spec=None)[32m [repeated 8x across cluster][0m
[36m(RayTrainWorker pid=3857892)[0m Reporting training result 766: TrainingReport(checkpoint=None, metrics={'loss': 0.04510913297533989, 'epoch': 765, 'iter': 19150}, validation_spec=None)[32m [repeated 8x across cluster][0m
[36m(RayTrainWorker pid=3857892)[0m Reporting training result 767: TrainingReport(checkpoint=None, metrics={'loss': 0.045826230645179745, 'epoch': 766, 'iter': 19175}, validation_spec=None)[32m [repeated 8x across cluster][0m
[36m(RayTrainWorker pid=3857892)[0m Reporting training result 768: TrainingReport(checkpoint=None, metrics={'loss': 0.045815772116184234, 'epoch': 767, 'iter': 19200}, validation_spec=None)[32m [repeated 8x across cluster][0m
[36m(RayTrainWorker pid=3857886)[0m Epoch: 767, Iter: 19200, Loss: 0.046894, Avg: 0.045003
[36m(RayTrainWorker pid=3857892)[0m Reporting training result 769: TrainingReport(checkpoint=None, metrics={'loss': 0.04429983988404274, 'epoch': 768, 'iter': 19225}, validation_spec=None)[32m [repeated 8x across cluster][0m
[36m(RayTrainWorker pid=3857892)[0m Reporting training result 770: TrainingReport(checkpoint=None, metrics={'loss': 0.04395400434732437, 'epoch': 769, 'iter': 19250}, validation_spec=None)[32m [repeated 8x across cluster][0m
[36m(RayTrainWorker pid=3857892)[0m Reporting training result 771: TrainingReport(checkpoint=None, metrics={'loss': 0.044707856327295306, 'epoch': 770, 'iter': 19275}, validation_spec=None)[32m [repeated 8x across cluster][0m
[36m(RayTrainWorker pid=3857892)[0m Reporting training result 772: TrainingReport(checkpoint=None, metrics={'loss': 0.04637912526726723, 'epoch': 771, 'iter': 19300}, validation_spec=None)[32m [repeated 8x across cluster][0m
[36m(RayTrainWorker pid=3857886)[0m Epoch: 771, Iter: 19300, Loss: 0.044541, Avg: 0.045273
[36m(RayTrainWorker pid=3857892)[0m Reporting training result 773: TrainingReport(checkpoint=None, metrics={'loss': 0.04444644525647164, 'epoch': 772, 'iter': 19325}, validation_spec=None)[32m [repeated 8x across cluster][0m
[36m(RayTrainWorker pid=3857892)[0m Reporting training result 774: TrainingReport(checkpoint=None, metrics={'loss': 0.046369372010231016, 'epoch': 773, 'iter': 19350}, validation_spec=None)[32m [repeated 8x across cluster][0m
[36m(RayTrainWorker pid=3857892)[0m Reporting training result 775: TrainingReport(checkpoint=None, metrics={'loss': 0.04597270950675011, 'epoch': 774, 'iter': 19375}, validation_spec=None)[32m [repeated 8x across cluster][0m
[36m(RayTrainWorker pid=3857892)[0m Reporting training result 776: TrainingReport(checkpoint=None, metrics={'loss': 0.048134152442216874, 'epoch': 775, 'iter': 19400}, validation_spec=None)[32m [repeated 8x across cluster][0m
[36m(RayTrainWorker pid=3857886)[0m Epoch: 775, Iter: 19400, Loss: 0.047732, Avg: 0.047146
[36m(RayTrainWorker pid=3857892)[0m Reporting training result 777: TrainingReport(checkpoint=None, metrics={'loss': 0.046828038692474365, 'epoch': 776, 'iter': 19425}, validation_spec=None)[32m [repeated 8x across cluster][0m
[36m(RayTrainWorker pid=3857892)[0m Reporting training result 778: TrainingReport(checkpoint=None, metrics={'loss': 0.04685556128621102, 'epoch': 777, 'iter': 19450}, validation_spec=None)[32m [repeated 8x across cluster][0m
[36m(RayTrainWorker pid=3857892)[0m Reporting training result 779: TrainingReport(checkpoint=None, metrics={'loss': 0.04690224155783653, 'epoch': 778, 'iter': 19475}, validation_spec=None)[32m [repeated 8x across cluster][0m
[36m(RayTrainWorker pid=3857886)[0m Epoch: 779, Iter: 19500, Loss: 0.050860, Avg: 0.046007
[36m(RayTrainWorker pid=3857888)[0m Reporting training result 779: TrainingReport(checkpoint=None, metrics={'loss': 0.04640326023101807, 'epoch': 778, 'iter': 19475}, validation_spec=None)[32m [repeated 7x across cluster][0m
[36m(RayTrainWorker pid=3857886)[0m Checkpoint successfully created at: Checkpoint(filesystem=local, path=/home/user/demo/review/ray_results/dit_training/checkpoint_2026-01-04_22-29-22.857334)
[36m(RayTrainWorker pid=3857886)[0m Reporting training result 780: TrainingReport(checkpoint=Checkpoint(filesystem=local, path=/home/user/demo/review/ray_results/dit_training/checkpoint_2026-01-04_22-29-22.857334), metrics={'loss': 0.04600722357630729, 'epoch': 779, 'iter': 19500}, validation_spec=None)
[36m(RayTrainWorker pid=3857886)[0m ✓ Checkpoint保存于 Epoch 779
[36m(RayTrainWorker pid=3857892)[0m Reporting training result 781: TrainingReport(checkpoint=None, metrics={'loss': 0.04471011206507683, 'epoch': 780, 'iter': 19525}, validation_spec=None)[32m [repeated 8x across cluster][0m
[36m(RayTrainWorker pid=3857892)[0m Reporting training result 782: TrainingReport(checkpoint=None, metrics={'loss': 0.04478965476155281, 'epoch': 781, 'iter': 19550}, validation_spec=None)[32m [repeated 8x across cluster][0m
[36m(RayTrainWorker pid=3857892)[0m Reporting training result 783: TrainingReport(checkpoint=None, metrics={'loss': 0.04537119433283806, 'epoch': 782, 'iter': 19575}, validation_spec=None)[32m [repeated 8x across cluster][0m
[36m(RayTrainWorker pid=3857892)[0m Reporting training result 784: TrainingReport(checkpoint=None, metrics={'loss': 0.04456188976764679, 'epoch': 783, 'iter': 19600}, validation_spec=None)[32m [repeated 8x across cluster][0m
[36m(RayTrainWorker pid=3857886)[0m Epoch: 783, Iter: 19600, Loss: 0.045649, Avg: 0.044271
[36m(RayTrainWorker pid=3857892)[0m Reporting training result 785: TrainingReport(checkpoint=None, metrics={'loss': 0.04481291890144348, 'epoch': 784, 'iter': 19625}, validation_spec=None)[32m [repeated 8x across cluster][0m
[36m(RayTrainWorker pid=3857892)[0m Reporting training result 786: TrainingReport(checkpoint=None, metrics={'loss': 0.04511556550860405, 'epoch': 785, 'iter': 19650}, validation_spec=None)[32m [repeated 8x across cluster][0m
[36m(RayTrainWorker pid=3857892)[0m Reporting training result 787: TrainingReport(checkpoint=None, metrics={'loss': 0.04441874280571938, 'epoch': 786, 'iter': 19675}, validation_spec=None)[32m [repeated 8x across cluster][0m
[36m(RayTrainWorker pid=3857892)[0m Reporting training result 788: TrainingReport(checkpoint=None, metrics={'loss': 0.04469985082745552, 'epoch': 787, 'iter': 19700}, validation_spec=None)[32m [repeated 8x across cluster][0m
[36m(RayTrainWorker pid=3857886)[0m Epoch: 787, Iter: 19700, Loss: 0.043332, Avg: 0.044326
[36m(RayTrainWorker pid=3857892)[0m Reporting training result 789: TrainingReport(checkpoint=None, metrics={'loss': 0.044746818989515304, 'epoch': 788, 'iter': 19725}, validation_spec=None)[32m [repeated 8x across cluster][0m
[36m(RayTrainWorker pid=3857892)[0m Reporting training result 790: TrainingReport(checkpoint=None, metrics={'loss': 0.04536773964762688, 'epoch': 789, 'iter': 19750}, validation_spec=None)[32m [repeated 8x across cluster][0m
[36m(RayTrainWorker pid=3857892)[0m Reporting training result 791: TrainingReport(checkpoint=None, metrics={'loss': 0.04352125719189644, 'epoch': 790, 'iter': 19775}, validation_spec=None)[32m [repeated 8x across cluster][0m
[36m(RayTrainWorker pid=3857892)[0m Reporting training result 792: TrainingReport(checkpoint=None, metrics={'loss': 0.04370551437139511, 'epoch': 791, 'iter': 19800}, validation_spec=None)[32m [repeated 8x across cluster][0m
[36m(RayTrainWorker pid=3857886)[0m Epoch: 791, Iter: 19800, Loss: 0.042810, Avg: 0.043882
[36m(RayTrainWorker pid=3857892)[0m Reporting training result 793: TrainingReport(checkpoint=None, metrics={'loss': 0.0434544962644577, 'epoch': 792, 'iter': 19825}, validation_spec=None)[32m [repeated 8x across cluster][0m
[36m(RayTrainWorker pid=3857892)[0m Reporting training result 794: TrainingReport(checkpoint=None, metrics={'loss': 0.043896205574274066, 'epoch': 793, 'iter': 19850}, validation_spec=None)[32m [repeated 8x across cluster][0m
[36m(RayTrainWorker pid=3857892)[0m Reporting training result 795: TrainingReport(checkpoint=None, metrics={'loss': 0.04513753831386566, 'epoch': 794, 'iter': 19875}, validation_spec=None)[32m [repeated 8x across cluster][0m
[36m(RayTrainWorker pid=3857892)[0m Reporting training result 796: TrainingReport(checkpoint=None, metrics={'loss': 0.045357657968997954, 'epoch': 795, 'iter': 19900}, validation_spec=None)[32m [repeated 8x across cluster][0m
[36m(RayTrainWorker pid=3857886)[0m Epoch: 795, Iter: 19900, Loss: 0.043255, Avg: 0.045548
[36m(RayTrainWorker pid=3857892)[0m Reporting training result 797: TrainingReport(checkpoint=None, metrics={'loss': 0.045887248069047926, 'epoch': 796, 'iter': 19925}, validation_spec=None)[32m [repeated 8x across cluster][0m
[36m(RayTrainWorker pid=3857892)[0m Reporting training result 798: TrainingReport(checkpoint=None, metrics={'loss': 0.043041731119155886, 'epoch': 797, 'iter': 19950}, validation_spec=None)[32m [repeated 8x across cluster][0m
[36m(RayTrainWorker pid=3857892)[0m Reporting training result 799: TrainingReport(checkpoint=None, metrics={'loss': 0.044327526092529296, 'epoch': 798, 'iter': 19975}, validation_spec=None)[32m [repeated 8x across cluster][0m
[36m(RayTrainWorker pid=3857886)[0m Epoch: 799, Iter: 20000, Loss: 0.044949, Avg: 0.044609
[36m(RayTrainWorker pid=3857888)[0m Reporting training result 799: TrainingReport(checkpoint=None, metrics={'loss': 0.04479200541973114, 'epoch': 798, 'iter': 19975}, validation_spec=None)[32m [repeated 7x across cluster][0m
[36m(RayTrainWorker pid=3857886)[0m Checkpoint successfully created at: Checkpoint(filesystem=local, path=/home/user/demo/review/ray_results/dit_training/checkpoint_2026-01-04_22-33-41.296824)
[36m(RayTrainWorker pid=3857886)[0m Reporting training result 800: TrainingReport(checkpoint=Checkpoint(filesystem=local, path=/home/user/demo/review/ray_results/dit_training/checkpoint_2026-01-04_22-33-41.296824), metrics={'loss': 0.0446091927587986, 'epoch': 799, 'iter': 20000}, validation_spec=None)
[36m(RayTrainWorker pid=3857886)[0m ✓ Checkpoint保存于 Epoch 799
[36m(RayTrainWorker pid=3857888)[0m Reporting training result 800: TrainingReport(checkpoint=None, metrics={'loss': 0.044853553920984265, 'epoch': 799, 'iter': 20000}, validation_spec=None)[32m [repeated 7x across cluster][0m
============================================================
Ray Dashboard: http://0.0.0.0:8265
============================================================
Checkpoint存储路径: /home/user/demo/review/ray_results
训练完成!
最终结果: {'loss': 0.0446091927587986, 'epoch': 799, 'iter': 20000}
最佳checkpoint路径: Checkpoint(filesystem=local, path=/home/user/demo/review/ray_results/dit_training/checkpoint_2026-01-04_22-33-41.296824)
最佳模型已保存到: best_model.pth
最佳epoch: 799
最佳loss: 0.044609
